Номер_сессии,Сессия,Испытуемый,Видео,Формат_экрана,MOS,Таймкод,Разрешение,Масштаб_%,Битрейт_кбит,FPS,Дата_время,Статус
1,20260603 122623,1,1,1080,5,00:04,4096×2160,100.0,23413,60/1,2026-06-03 12:46:39,OK
1,20260603 122623,1,1,1080,4,00:26,2418×1274,59.0,11957,60/1,2026-06-03 12:46:39,OK
1,20260603 122623,1,1,1080,3,01:02,1156×610,28.2,10810,60/1,2026-06-03 12:46:39,OK
1,20260603 122623,1,1,1080,2,01:38,552×290,13.5,24340,60/1,2026-06-03 12:46:39,OK
1,20260603 122623,1,2,1080,5,00:03,4096×2160,100.0,11447,60/1,2026-06-03 12:49:20,OK
1,20260603 122623,1,2,1080,4,01:00,1156×610,28.2,20695,60/1,2026-06-03 12:49:20,OK
1,20260603 122623,1,2,1080,3,01:27,682×360,16.7,19254,60/1,2026-06-03 12:49:20,OK
1,20260603 122623,1,2,1080,2,01:45,448×236,10.9,9556,60/1,2026-06-03 12:49:20,OK
1,20260603 122623,1,3,1080,5,00:01,4096×2160,100.0,16232,60/1,2026-06-03 12:51:58,OK
1,20260603 122623,1,3,1080,4,00:45,1586×836,38.7,20586,60/1,2026-06-03 12:51:58,OK
1,20260603 122623,1,3,1080,3,01:21,758×400,18.5,18989,60/1,2026-06-03 12:51:58,OK
1,20260603 122623,1,3,1080,2,01:46,448×236,10.9,10947,60/1,2026-06-03 12:51:58,OK
1,20260603 122623,1,4,1080,5,00:03,4096×2160,100.0,12627,60/1,2026-06-03 12:54:34,OK
1,20260603 122623,1,4,1080,4,01:08,1040×548,25.4,20038,60/1,2026-06-03 12:54:34,OK
1,20260603 122623,1,4,1080,3,01:22,758×400,18.5,13543,60/1,2026-06-03 12:54:34,OK
1,20260603 122623,1,4,1080,2,01:37,552×290,13.5,9535,60/1,2026-06-03 12:54:34,OK
1,20260603 122623,1,1,4K,5,00:04,4096×2160,100.0,23413,60/1,2026-06-03 12:35:12,OK
1,20260603 122623,1,1,4K,4,00:42,1762×928,43.0,9951,60/1,2026-06-03 12:35:12,OK
1,20260603 122623,1,1,4K,3,01:16,842×444,20.6,9226,60/1,2026-06-03 12:35:12,OK
1,20260603 122623,1,1,4K,2,01:40,496×262,12.2,17235,60/1,2026-06-03 12:35:12,OK
1,20260603 122623,1,2,4K,5,00:03,4096×2160,100.0,11447,60/1,2026-06-03 12:37:58,OK
1,20260603 122623,1,2,4K,4,01:26,682×360,16.7,19254,60/1,2026-06-03 12:37:58,OK
1,20260603 122623,1,2,4K,3,01:56,362×190,8.9,9113,60/1,2026-06-03 12:37:58,OK
1,20260603 122623,1,2,4K,2,02:01,326×172,8.0,8000,60/1,2026-06-03 12:37:58,OK
1,20260603 122623,1,3,4K,5,00:01,4096×2160,100.0,16232,60/1,2026-06-03 12:40:45,OK
1,20260603 122623,1,3,4K,4,01:23,758×400,18.5,18989,60/1,2026-06-03 12:40:45,OK
1,20260603 122623,1,3,4K,3,01:48,448×236,10.9,10947,60/1,2026-06-03 12:40:45,OK
1,20260603 122623,1,3,4K,2,01:58,362×190,8.9,11340,60/1,2026-06-03 12:40:45,OK
1,20260603 122623,1,4,4K,5,00:01,4096×2160,100.0,12627,60/1,2026-06-03 12:43:31,OK
1,20260603 122623,1,4,4K,4,00:21,2686×1416,65.6,22895,60/1,2026-06-03 12:43:31,OK
1,20260603 122623,1,4,4K,3,01:21,758×400,18.5,13543,60/1,2026-06-03 12:43:31,OK
1,20260603 122623,1,4,4K,2,01:41,496×262,12.2,17190,60/1,2026-06-03 12:43:31,OK
1,20260603 122623,1,1,720,5,00:07,3686×1944,90.0,30431,60/1,2026-06-03 12:57:26,OK
1,20260603 122623,1,1,720,4,01:02,1156×610,28.2,10810,60/1,2026-06-03 12:57:26,OK
1,20260603 122623,1,1,720,3,01:32,614×324,15.0,29472,60/1,2026-06-03 12:57:26,OK
1,20260603 122623,1,1,720,2,01:43,496×262,12.2,17235,60/1,2026-06-03 12:57:26,OK
1,20260603 122623,1,2,720,5,,,,,,2026-06-03 13:00:26,Исключено: нет данных
1,20260603 122623,1,2,720,4,,,,,,2026-06-03 13:00:26,Исключено: нет данных
1,20260603 122623,1,2,720,3,,,,,,2026-06-03 13:00:26,Исключено: нет данных
1,20260603 122623,1,2,720,2,,,,,,2026-06-03 13:00:26,Исключено: нет данных
1,20260603 122623,1,3,720,5,00:02,4096×2160,100.0,16232,60/1,2026-06-03 13:03:24,OK
1,20260603 122623,1,3,720,4,01:21,758×400,18.5,18989,60/1,2026-06-03 13:03:24,OK
1,20260603 122623,1,3,720,3,01:37,552×290,13.5,13924,60/1,2026-06-03 13:03:24,OK
1,20260603 122623,1,3,720,2,01:45,448×236,10.9,10947,60/1,2026-06-03 13:03:24,OK
1,20260603 122623,1,4,720,5,00:02,4096×2160,100.0,12627,60/1,2026-06-03 13:06:05,OK
1,20260603 122623,1,4,720,4,01:18,842×444,20.6,25132,60/1,2026-06-03 13:06:05,OK
1,20260603 122623,1,4,720,3,01:27,682×360,16.7,12882,60/1,2026-06-03 13:06:05,OK
1,20260603 122623,1,4,720,2,01:42,496×262,12.2,17190,60/1,2026-06-03 13:06:05,OK
1,20260603 122623,2,1,1080,5,00:02,4096×2160,100.0,23413,60/1,2026-06-03 12:46:39,OK
1,20260603 122623,2,1,1080,4,01:02,1156×610,28.2,10810,60/1,2026-06-03 12:46:39,OK
1,20260603 122623,2,1,1080,3,02:03,326×172,8.0,19666,60/1,2026-06-03 12:46:39,OK
1,20260603 122623,2,1,1080,2,02:22,214×112,5.2,11782,60/1,2026-06-03 12:46:39,OK
1,20260603 122623,2,2,1080,5,00:01,4096×2160,100.0,11447,60/1,2026-06-03 12:49:20,OK
1,20260603 122623,2,2,1080,4,01:06,1040×548,25.4,26503,60/1,2026-06-03 12:49:20,OK
1,20260603 122623,2,2,1080,3,02:01,326×172,8.0,8000,60/1,2026-06-03 12:49:20,OK
1,20260603 122623,2,2,1080,2,02:21,214×112,5.2,19423,60/1,2026-06-03 12:49:20,OK
1,20260603 122623,2,3,1080,5,00:05,3686×1944,90.0,19788,60/1,2026-06-03 12:51:58,OK
1,20260603 122623,2,3,1080,4,01:06,1040×548,25.4,11430,60/1,2026-06-03 12:51:58,OK
1,20260603 122623,2,3,1080,3,01:41,496×262,12.2,9763,60/1,2026-06-03 12:51:58,OK
1,20260603 122623,2,3,1080,2,02:02,326×172,8.0,21322,60/1,2026-06-03 12:51:58,OK
1,20260603 122623,2,4,1080,5,00:01,4096×2160,100.0,12627,60/1,2026-06-03 12:54:34,OK
1,20260603 122623,2,4,1080,4,00:45,1586×836,38.7,11552,60/1,2026-06-03 12:54:34,OK
1,20260603 122623,2,4,1080,3,01:36,552×290,13.5,9535,60/1,2026-06-03 12:54:34,OK
1,20260603 122623,2,4,1080,2,02:01,326×172,8.0,10546,60/1,2026-06-03 12:54:34,OK
1,20260603 122623,2,1,4K,5,00:08,3686×1944,90.0,30431,60/1,2026-06-03 12:35:12,OK
1,20260603 122623,2,1,4K,4,01:07,1040×548,25.4,9801,60/1,2026-06-03 12:35:12,OK
1,20260603 122623,2,1,4K,3,01:41,496×262,12.2,17235,60/1,2026-06-03 12:35:12,OK
1,20260603 122623,2,1,4K,2,02:04,326×172,8.0,19666,60/1,2026-06-03 12:35:12,OK
1,20260603 122623,2,2,4K,5,00:01,4096×2160,100.0,11447,60/1,2026-06-03 12:37:58,OK
1,20260603 122623,2,2,4K,4,01:08,1040×548,25.4,26503,60/1,2026-06-03 12:37:58,OK
1,20260603 122623,2,2,4K,3,01:53,402×212,9.8,9166,60/1,2026-06-03 12:37:58,OK
1,20260603 122623,2,2,4K,2,02:09,294×154,7.2,11643,60/1,2026-06-03 12:37:58,OK
1,20260603 122623,2,3,4K,5,00:01,4096×2160,100.0,16232,60/1,2026-06-03 12:40:45,OK
1,20260603 122623,2,3,4K,4,01:21,758×400,18.5,18989,60/1,2026-06-03 12:40:45,OK
1,20260603 122623,2,3,4K,3,02:01,326×172,8.0,21322,60/1,2026-06-03 12:40:45,OK
1,20260603 122623,2,3,4K,2,02:21,214×112,5.2,10297,60/1,2026-06-03 12:40:45,OK
1,20260603 122623,2,4,4K,5,00:08,3686×1944,90.0,11285,60/1,2026-06-03 12:43:31,OK
1,20260603 122623,2,4,4K,4,01:21,758×400,18.5,13543,60/1,2026-06-03 12:43:31,OK
1,20260603 122623,2,4,4K,3,01:42,496×262,12.2,17190,60/1,2026-06-03 12:43:31,OK
1,20260603 122623,2,4,4K,2,02:01,326×172,8.0,10546,60/1,2026-06-03 12:43:31,OK
1,20260603 122623,2,1,720,5,00:02,4096×2160,100.0,23413,60/1,2026-06-03 12:57:26,OK
1,20260603 122623,2,1,720,4,00:46,1586×836,38.7,10961,60/1,2026-06-03 12:57:26,OK
1,20260603 122623,2,1,720,3,01:05,1040×548,25.4,9801,60/1,2026-06-03 12:57:26,OK
1,20260603 122623,2,1,720,2,01:46,448×236,10.9,20553,60/1,2026-06-03 12:57:26,OK
1,20260603 122623,2,2,720,5,00:01,4096×2160,100.0,11447,60/1,2026-06-03 13:00:26,OK
1,20260603 122623,2,2,720,4,01:01,1156×610,28.2,20695,60/1,2026-06-03 13:00:26,OK
1,20260603 122623,2,2,720,3,01:42,496×262,12.2,10850,60/1,2026-06-03 13:00:26,OK
1,20260603 122623,2,2,720,2,01:43,496×262,12.2,10850,60/1,2026-06-03 13:00:26,OK
1,20260603 122623,2,3,720,5,00:03,4096×2160,100.0,16232,60/1,2026-06-03 13:03:24,OK
1,20260603 122623,2,3,720,4,01:02,1156×610,28.2,8753,60/1,2026-06-03 13:03:24,OK
1,20260603 122623,2,3,720,3,01:42,496×262,12.2,9763,60/1,2026-06-03 13:03:24,OK
1,20260603 122623,2,3,720,2,02:23,214×112,5.2,10297,60/1,2026-06-03 13:03:24,OK
1,20260603 122623,2,4,720,5,00:02,4096×2160,100.0,12627,60/1,2026-06-03 13:06:05,OK
1,20260603 122623,2,4,720,4,00:51,1428×752,34.9,11935,60/1,2026-06-03 13:06:05,OK
1,20260603 122623,2,4,720,3,01:35,552×290,13.5,9535,60/1,2026-06-03 13:06:05,OK
1,20260603 122623,2,4,720,2,02:01,326×172,8.0,10546,60/1,2026-06-03 13:06:05,OK
1,20260603 122623,3,1,1080,5,00:02,4096×2160,100.0,23413,60/1,2026-06-03 12:46:39,OK
1,20260603 122623,3,1,1080,4,01:10,936×494,22.9,8467,60/1,2026-06-03 12:46:39,OK
1,20260603 122623,3,1,1080,3,02:06,294×154,7.2,22412,60/1,2026-06-03 12:46:39,OK
1,20260603 122623,3,1,1080,2,02:22,214×112,5.2,11782,60/1,2026-06-03 12:46:39,OK
1,20260603 122623,3,2,1080,5,00:02,4096×2160,100.0,11447,60/1,2026-06-03 12:49:20,OK
1,20260603 122623,3,2,1080,4,01:31,614×324,15.0,23090,60/1,2026-06-03 12:49:20,OK
1,20260603 122623,3,2,1080,3,01:42,496×262,12.2,10850,60/1,2026-06-03 12:49:20,OK
1,20260603 122623,3,2,1080,2,02:07,294×154,7.2,11643,60/1,2026-06-03 12:49:20,OK
1,20260603 122623,3,3,1080,5,00:00,4096×2160,100.0,16232,60/1,2026-06-03 12:51:58,OK
1,20260603 122623,3,3,1080,4,01:22,758×400,18.5,18989,60/1,2026-06-03 12:51:58,OK
1,20260603 122623,3,3,1080,3,01:22,758×400,18.5,18989,60/1,2026-06-03 12:51:58,OK
1,20260603 122623,3,3,1080,2,02:21,214×112,5.2,10297,60/1,2026-06-03 12:51:58,OK
1,20260603 122623,3,4,1080,5,00:03,4096×2160,100.0,12627,60/1,2026-06-03 12:54:34,OK
1,20260603 122623,3,4,1080,4,01:32,614×324,15.0,14254,60/1,2026-06-03 12:54:34,OK
1,20260603 122623,3,4,1080,3,01:42,496×262,12.2,17190,60/1,2026-06-03 12:54:34,OK
1,20260603 122623,3,4,1080,2,02:03,326×172,8.0,10546,60/1,2026-06-03 12:54:34,OK
1,20260603 122623,3,1,4K,5,00:03,4096×2160,100.0,23413,60/1,2026-06-03 12:35:12,OK
1,20260603 122623,3,1,4K,4,01:40,496×262,12.2,17235,60/1,2026-06-03 12:35:12,OK
1,20260603 122623,3,1,4K,3,02:14,264×138,6.5,26487,60/1,2026-06-03 12:35:12,OK
1,20260603 122623,3,1,4K,2,02:25,192×100,4.7,11247,60/1,2026-06-03 12:35:12,OK
1,20260603 122623,3,2,4K,5,00:07,3686×1944,90.0,11912,60/1,2026-06-03 12:37:58,OK
1,20260603 122623,3,2,4K,4,01:30,614×324,15.0,23090,60/1,2026-06-03 12:37:58,OK
1,20260603 122623,3,2,4K,3,02:02,326×172,8.0,8000,60/1,2026-06-03 12:37:58,OK
1,20260603 122623,3,2,4K,2,02:13,264×138,6.5,11925,60/1,2026-06-03 12:37:58,OK
1,20260603 122623,3,3,4K,5,00:01,4096×2160,100.0,16232,60/1,2026-06-03 12:40:45,OK
1,20260603 122623,3,3,4K,4,01:22,758×400,18.5,18989,60/1,2026-06-03 12:40:45,OK
1,20260603 122623,3,3,4K,3,02:02,326×172,8.0,21322,60/1,2026-06-03 12:40:45,OK
1,20260603 122623,3,3,4K,2,02:23,214×112,5.2,10297,60/1,2026-06-03 12:40:45,OK
1,20260603 122623,3,4,4K,5,00:02,4096×2160,100.0,12627,60/1,2026-06-03 12:43:31,OK
1,20260603 122623,3,4,4K,4,01:24,758×400,18.5,13543,60/1,2026-06-03 12:43:31,OK
1,20260603 122623,3,4,4K,3,01:42,496×262,12.2,17190,60/1,2026-06-03 12:43:31,OK
1,20260603 122623,3,4,4K,2,02:03,326×172,8.0,10546,60/1,2026-06-03 12:43:31,OK
1,20260603 122623,3,1,720,5,00:03,4096×2160,100.0,23413,60/1,2026-06-03 12:57:26,OK
1,20260603 122623,3,1,720,4,01:08,1040×548,25.4,9801,60/1,2026-06-03 12:57:26,OK
1,20260603 122623,3,1,720,3,01:42,496×262,12.2,17235,60/1,2026-06-03 12:57:26,OK
1,20260603 122623,3,1,720,2,02:08,294×154,7.2,22412,60/1,2026-06-03 12:57:26,OK
1,20260603 122623,3,2,720,5,00:03,4096×2160,100.0,11447,60/1,2026-06-03 13:00:26,OK
1,20260603 122623,3,2,720,4,01:42,496×262,12.2,10850,60/1,2026-06-03 13:00:26,OK
1,20260603 122623,3,2,720,3,02:15,238×124,5.8,8493,60/1,2026-06-03 13:00:26,OK
1,20260603 122623,3,2,720,2,02:23,214×112,5.2,19423,60/1,2026-06-03 13:00:26,OK
1,20260603 122623,3,3,720,5,00:01,4096×2160,100.0,16232,60/1,2026-06-03 13:03:24,OK
1,20260603 122623,3,3,720,4,01:21,758×400,18.5,18989,60/1,2026-06-03 13:03:24,OK
1,20260603 122623,3,3,720,3,01:53,402×212,9.8,13771,60/1,2026-06-03 13:03:24,OK
1,20260603 122623,3,3,720,2,02:03,326×172,8.0,21322,60/1,2026-06-03 13:03:24,OK
1,20260603 122623,3,4,720,5,00:01,4096×2160,100.0,12627,60/1,2026-06-03 13:06:05,OK
1,20260603 122623,3,4,720,4,01:35,552×290,13.5,9535,60/1,2026-06-03 13:06:05,OK
1,20260603 122623,3,4,720,3,01:42,496×262,12.2,17190,60/1,2026-06-03 13:06:05,OK
1,20260603 122623,3,4,720,2,02:22,214×112,5.2,15853,60/1,2026-06-03 13:06:05,OK
1,20260603 122623,4,1,1080,5,00:02,4096×2160,100.0,23413,60/1,2026-06-03 12:46:39,OK
1,20260603 122623,4,1,1080,4,00:44,1762×928,43.0,9951,60/1,2026-06-03 12:46:39,OK
1,20260603 122623,4,1,1080,3,01:54,402×212,9.8,25400,60/1,2026-06-03 12:46:39,OK
1,20260603 122623,4,1,1080,2,02:21,214×112,5.2,11782,60/1,2026-06-03 12:46:39,OK
1,20260603 122623,4,2,1080,5,00:01,4096×2160,100.0,11447,60/1,2026-06-03 12:49:20,OK
1,20260603 122623,4,2,1080,4,01:25,682×360,16.7,19254,60/1,2026-06-03 12:49:20,OK
1,20260603 122623,4,2,1080,3,02:02,326×172,8.0,8000,60/1,2026-06-03 12:49:20,OK
1,20260603 122623,4,2,1080,2,02:15,238×124,5.8,8493,60/1,2026-06-03 12:49:20,OK
1,20260603 122623,4,3,1080,5,00:01,4096×2160,100.0,16232,60/1,2026-06-03 12:51:58,OK
1,20260603 122623,4,3,1080,4,01:23,758×400,18.5,18989,60/1,2026-06-03 12:51:58,OK
1,20260603 122623,4,3,1080,3,02:01,326×172,8.0,21322,60/1,2026-06-03 12:51:58,OK
1,20260603 122623,4,3,1080,2,02:19,238×124,5.8,23229,60/1,2026-06-03 12:51:58,OK
1,20260603 122623,4,4,1080,5,00:12,3316×1748,81.0,9284,60/1,2026-06-03 12:54:34,OK
1,20260603 122623,4,4,1080,4,01:23,758×400,18.5,13543,60/1,2026-06-03 12:54:34,OK
1,20260603 122623,4,4,1080,3,01:55,362×190,8.9,15040,60/1,2026-06-03 12:54:34,OK
1,20260603 122623,4,4,1080,2,02:30,—,,—,—,2026-06-03 12:54:34,OK
1,20260603 122623,4,1,4K,5,00:00,4096×2160,100.0,23413,60/1,2026-06-03 12:35:12,OK
1,20260603 122623,4,1,4K,4,00:42,1762×928,43.0,9951,60/1,2026-06-03 12:35:12,OK
1,20260603 122623,4,1,4K,3,01:22,758×400,18.5,21269,60/1,2026-06-03 12:35:12,OK
1,20260603 122623,4,1,4K,2,02:22,214×112,5.2,11782,60/1,2026-06-03 12:35:12,OK
1,20260603 122623,4,2,4K,5,00:03,4096×2160,100.0,11447,60/1,2026-06-03 12:37:58,OK
1,20260603 122623,4,2,4K,4,01:04,1156×610,28.2,20695,60/1,2026-06-03 12:37:58,OK
1,20260603 122623,4,2,4K,3,01:46,448×236,10.9,9556,60/1,2026-06-03 12:37:58,OK
1,20260603 122623,4,2,4K,2,02:10,264×138,6.5,11925,60/1,2026-06-03 12:37:58,OK
1,20260603 122623,4,3,4K,5,00:01,4096×2160,100.0,16232,60/1,2026-06-03 12:40:45,OK
1,20260603 122623,4,3,4K,4,00:57,1284×676,31.4,24822,60/1,2026-06-03 12:40:45,OK
1,20260603 122623,4,3,4K,3,01:39,552×290,13.5,13924,60/1,2026-06-03 12:40:45,OK
1,20260603 122623,4,3,4K,2,02:00,326×172,8.0,21322,60/1,2026-06-03 12:40:45,OK
1,20260603 122623,4,4,4K,5,00:01,4096×2160,100.0,12627,60/1,2026-06-03 12:43:31,OK
1,20260603 122623,4,4,4K,4,01:22,758×400,18.5,13543,60/1,2026-06-03 12:43:31,OK
1,20260603 122623,4,4,4K,3,01:37,552×290,13.5,9535,60/1,2026-06-03 12:43:31,OK
1,20260603 122623,4,4,4K,2,01:53,402×212,9.8,21000,60/1,2026-06-03 12:43:31,OK
1,20260603 122623,4,1,720,5,00:08,3686×1944,90.0,30431,60/1,2026-06-03 12:57:26,OK
1,20260603 122623,4,1,720,4,01:20,758×400,18.5,21269,60/1,2026-06-03 12:57:26,OK
1,20260603 122623,4,1,720,3,01:45,448×236,10.9,20553,60/1,2026-06-03 12:57:26,OK
1,20260603 122623,4,1,720,2,02:22,214×112,5.2,11782,60/1,2026-06-03 12:57:26,OK
1,20260603 122623,4,2,720,5,00:00,4096×2160,100.0,11447,60/1,2026-06-03 13:00:26,OK
1,20260603 122623,4,2,720,4,01:23,758×400,18.5,15131,60/1,2026-06-03 13:00:26,OK
1,20260603 122623,4,2,720,3,02:07,294×154,7.2,11643,60/1,2026-06-03 13:00:26,OK
1,20260603 122623,4,2,720,2,02:22,214×112,5.2,19423,60/1,2026-06-03 13:00:26,OK
1,20260603 122623,4,3,720,5,00:01,4096×2160,100.0,16232,60/1,2026-06-03 13:03:24,OK
1,20260603 122623,4,3,720,4,01:36,552×290,13.5,13924,60/1,2026-06-03 13:03:24,OK
1,20260603 122623,4,3,720,3,02:06,294×154,7.2,25487,60/1,2026-06-03 13:03:24,OK
1,20260603 122623,4,3,720,2,,,,,,2026-06-03 13:03:24,Исключено: нет данных
1,20260603 122623,4,4,720,5,00:02,4096×2160,100.0,12627,60/1,2026-06-03 13:06:05,OK
1,20260603 122623,4,4,720,4,01:25,682×360,16.7,12882,60/1,2026-06-03 13:06:05,OK
1,20260603 122623,4,4,720,3,02:01,326×172,8.0,10546,60/1,2026-06-03 13:06:05,OK
1,20260603 122623,4,4,720,2,02:15,238×124,5.8,11239,60/1,2026-06-03 13:06:05,OK
2,20260603 131950,5,1,1080,5,00:03,4096×2160,100.0,23413.0,60/1,2026-06-03 13:40:40,OK
2,20260603 131950,5,1,1080,4,00:04,4096×2160,100.0,23413.0,60/1,2026-06-03 13:40:40,"Исключено: нажатие до деградации (MOS=4, 00:04, 100.0%)"
2,20260603 131950,5,1,1080,3,01:43,496×262,12.2,17235.0,60/1,2026-06-03 13:40:40,OK
2,20260603 131950,5,1,1080,2,02:03,326×172,8.0,19666.0,60/1,2026-06-03 13:40:40,OK
2,20260603 131950,5,2,1080,5,00:05,3686×1944,90.0,11912.0,60/1,2026-06-03 13:43:20,OK
2,20260603 131950,5,2,1080,4,01:04,1156×610,28.2,20695.0,60/1,2026-06-03 13:43:20,OK
2,20260603 131950,5,2,1080,3,01:42,496×262,12.2,10850.0,60/1,2026-06-03 13:43:20,OK
2,20260603 131950,5,2,1080,2,02:08,294×154,7.2,11643.0,60/1,2026-06-03 13:43:20,OK
2,20260603 131950,5,3,1080,5,00:04,4096×2160,100.0,16232.0,60/1,2026-06-03 13:45:59,OK
2,20260603 131950,5,3,1080,4,01:21,758×400,18.5,18989.0,60/1,2026-06-03 13:45:59,OK
2,20260603 131950,5,3,1080,3,01:43,496×262,12.2,9763.0,60/1,2026-06-03 13:45:59,OK
2,20260603 131950,5,3,1080,2,02:02,326×172,8.0,21322.0,60/1,2026-06-03 13:45:59,OK
2,20260603 131950,5,4,1080,5,00:04,4096×2160,100.0,12627.0,60/1,2026-06-03 13:48:39,OK
2,20260603 131950,5,4,1080,4,01:13,936×494,22.9,23949.0,60/1,2026-06-03 13:48:39,OK
2,20260603 131950,5,4,1080,3,01:41,496×262,12.2,17190.0,60/1,2026-06-03 13:48:39,OK
2,20260603 131950,5,4,1080,2,02:03,326×172,8.0,10546.0,60/1,2026-06-03 13:48:39,OK
2,20260603 131950,5,1,4K,5,00:09,3686×1944,90.0,30431.0,60/1,2026-06-03 13:29:42,OK
2,20260603 131950,5,1,4K,4,01:41,496×262,12.2,17235.0,60/1,2026-06-03 13:29:42,OK
2,20260603 131950,5,1,4K,3,02:13,264×138,6.5,26487.0,60/1,2026-06-03 13:29:42,OK
2,20260603 131950,5,1,4K,2,02:27,192×100,4.7,11247.0,60/1,2026-06-03 13:29:42,OK
2,20260603 131950,5,2,4K,5,00:03,4096×2160,100.0,11447.0,60/1,2026-06-03 13:32:21,OK
2,20260603 131950,5,2,4K,4,01:06,1040×548,25.4,26503.0,60/1,2026-06-03 13:32:21,OK
2,20260603 131950,5,2,4K,3,01:28,682×360,16.7,19254.0,60/1,2026-06-03 13:32:21,OK
2,20260603 131950,5,2,4K,2,01:48,448×236,10.9,9556.0,60/1,2026-06-03 13:32:21,OK
2,20260603 131950,5,3,4K,5,00:03,4096×2160,100.0,16232.0,60/1,2026-06-03 13:34:58,OK
2,20260603 131950,5,3,4K,4,01:22,758×400,18.5,18989.0,60/1,2026-06-03 13:34:58,OK
2,20260603 131950,5,3,4K,3,01:44,496×262,12.2,9763.0,60/1,2026-06-03 13:34:58,OK
2,20260603 131950,5,3,4K,2,02:03,326×172,8.0,21322.0,60/1,2026-06-03 13:34:58,OK
2,20260603 131950,5,4,4K,5,00:01,4096×2160,100.0,12627.0,60/1,2026-06-03 13:37:41,OK
2,20260603 131950,5,4,4K,4,01:11,936×494,22.9,23949.0,60/1,2026-06-03 13:37:41,OK
2,20260603 131950,5,4,4K,3,01:44,496×262,12.2,17190.0,60/1,2026-06-03 13:37:41,OK
2,20260603 131950,5,4,4K,2,02:07,294×154,7.2,11770.0,60/1,2026-06-03 13:37:41,OK
2,20260603 131950,5,1,720,5,00:05,3686×1944,90.0,30431.0,60/1,2026-06-03 13:51:29,OK
2,20260603 131950,5,1,720,4,01:03,1156×610,28.2,10810.0,60/1,2026-06-03 13:51:29,OK
2,20260603 131950,5,1,720,3,02:03,326×172,8.0,19666.0,60/1,2026-06-03 13:51:29,OK
2,20260603 131950,5,1,720,2,02:21,214×112,5.2,11782.0,60/1,2026-06-03 13:51:29,OK
2,20260603 131950,5,2,720,5,00:02,4096×2160,100.0,11447.0,60/1,2026-06-03 13:54:08,OK
2,20260603 131950,5,2,720,4,01:33,614×324,15.0,23090.0,60/1,2026-06-03 13:54:08,OK
2,20260603 131950,5,2,720,3,01:41,496×262,12.2,10850.0,60/1,2026-06-03 13:54:08,OK
2,20260603 131950,5,2,720,2,02:10,264×138,6.5,11925.0,60/1,2026-06-03 13:54:08,OK
2,20260603 131950,5,3,720,5,00:00,4096×2160,100.0,16232.0,60/1,2026-06-03 13:56:53,OK
2,20260603 131950,5,3,720,4,01:22,758×400,18.5,18989.0,60/1,2026-06-03 13:56:53,OK
2,20260603 131950,5,3,720,3,01:43,496×262,12.2,9763.0,60/1,2026-06-03 13:56:53,OK
2,20260603 131950,5,3,720,2,02:22,214×112,5.2,10297.0,60/1,2026-06-03 13:56:53,OK
2,20260603 131950,5,4,720,5,00:00,4096×2160,100.0,12627.0,60/1,2026-06-03 13:59:30,OK
2,20260603 131950,5,4,720,4,01:36,552×290,13.5,9535.0,60/1,2026-06-03 13:59:30,OK
2,20260603 131950,5,4,720,3,02:01,326×172,8.0,10546.0,60/1,2026-06-03 13:59:30,OK
2,20260603 131950,5,4,720,2,02:22,214×112,5.2,15853.0,60/1,2026-06-03 13:59:30,OK
2,20260603 131950,6,1,1080,5,01:02,1156×610,28.2,10810.0,60/1,2026-06-03 13:40:40,"Исключено: MOS=5 нажат поздно (01:02, 28.2%)"
2,20260603 131950,6,1,1080,4,02:01,326×172,8.0,19666.0,60/1,2026-06-03 13:40:40,OK
2,20260603 131950,6,1,1080,3,02:14,264×138,6.5,26487.0,60/1,2026-06-03 13:40:40,OK
2,20260603 131950,6,1,1080,2,02:21,214×112,5.2,11782.0,60/1,2026-06-03 13:40:40,OK
2,20260603 131950,6,2,1080,5,00:03,4096×2160,100.0,11447.0,60/1,2026-06-03 13:43:20,OK
2,20260603 131950,6,2,1080,4,00:59,1284×676,31.4,11350.0,60/1,2026-06-03 13:43:20,OK
2,20260603 131950,6,2,1080,3,01:44,496×262,12.2,10850.0,60/1,2026-06-03 13:43:20,OK
2,20260603 131950,6,2,1080,2,02:07,294×154,7.2,11643.0,60/1,2026-06-03 13:43:20,OK
2,20260603 131950,6,3,1080,5,00:04,4096×2160,100.0,16232.0,60/1,2026-06-03 13:45:59,OK
2,20260603 131950,6,3,1080,4,01:22,758×400,18.5,18989.0,60/1,2026-06-03 13:45:59,OK
2,20260603 131950,6,3,1080,3,02:01,326×172,8.0,21322.0,60/1,2026-06-03 13:45:59,OK
2,20260603 131950,6,3,1080,2,02:22,214×112,5.2,10297.0,60/1,2026-06-03 13:45:59,OK
2,20260603 131950,6,4,1080,5,00:01,4096×2160,100.0,12627.0,60/1,2026-06-03 13:48:39,OK
2,20260603 131950,6,4,1080,4,01:23,758×400,18.5,13543.0,60/1,2026-06-03 13:48:39,OK
2,20260603 131950,6,4,1080,3,01:39,552×290,13.5,9535.0,60/1,2026-06-03 13:48:39,OK
2,20260603 131950,6,4,1080,2,02:15,238×124,5.8,11239.0,60/1,2026-06-03 13:48:39,OK
2,20260603 131950,6,1,4K,5,00:05,3686×1944,90.0,30431.0,60/1,2026-06-03 13:29:42,OK
2,20260603 131950,6,1,4K,4,00:46,1586×836,38.7,10961.0,60/1,2026-06-03 13:29:42,OK
2,20260603 131950,6,1,4K,3,01:02,1156×610,28.2,10810.0,60/1,2026-06-03 13:29:42,OK
2,20260603 131950,6,1,4K,2,02:08,294×154,7.2,22412.0,60/1,2026-06-03 13:29:42,OK
2,20260603 131950,6,2,4K,5,00:03,4096×2160,100.0,11447.0,60/1,2026-06-03 13:32:21,OK
2,20260603 131950,6,2,4K,4,01:02,1156×610,28.2,20695.0,60/1,2026-06-03 13:32:21,OK
2,20260603 131950,6,2,4K,3,01:41,496×262,12.2,10850.0,60/1,2026-06-03 13:32:21,OK
2,20260603 131950,6,2,4K,2,02:11,264×138,6.5,11925.0,60/1,2026-06-03 13:32:21,OK
2,20260603 131950,6,3,4K,5,00:02,4096×2160,100.0,16232.0,60/1,2026-06-03 13:34:58,OK
2,20260603 131950,6,3,4K,4,01:21,758×400,18.5,18989.0,60/1,2026-06-03 13:34:58,OK
2,20260603 131950,6,3,4K,3,01:46,448×236,10.9,10947.0,60/1,2026-06-03 13:34:58,OK
2,20260603 131950,6,3,4K,2,02:06,294×154,7.2,25487.0,60/1,2026-06-03 13:34:58,OK
2,20260603 131950,6,4,4K,5,00:02,4096×2160,100.0,12627.0,60/1,2026-06-03 13:37:41,OK
2,20260603 131950,6,4,4K,4,01:11,936×494,22.9,23949.0,60/1,2026-06-03 13:37:41,OK
2,20260603 131950,6,4,4K,3,01:46,448×236,10.9,23119.0,60/1,2026-06-03 13:37:41,OK
2,20260603 131950,6,4,4K,2,02:15,238×124,5.8,11239.0,60/1,2026-06-03 13:37:41,OK
2,20260603 131950,6,1,720,5,01:02,1156×610,28.2,10810.0,60/1,2026-06-03 13:51:29,"Исключено: MOS=5 нажат поздно (01:02, 28.2%)"
2,20260603 131950,6,1,720,4,01:05,1040×548,25.4,9801.0,60/1,2026-06-03 13:51:29,OK
2,20260603 131950,6,1,720,3,01:43,496×262,12.2,17235.0,60/1,2026-06-03 13:51:29,OK
2,20260603 131950,6,1,720,2,02:14,264×138,6.5,26487.0,60/1,2026-06-03 13:51:29,OK
2,20260603 131950,6,2,720,5,00:11,3316×1748,81.0,13181.0,60/1,2026-06-03 13:54:08,OK
2,20260603 131950,6,2,720,4,00:58,1284×676,31.4,11350.0,60/1,2026-06-03 13:54:08,OK
2,20260603 131950,6,2,720,3,01:41,496×262,12.2,10850.0,60/1,2026-06-03 13:54:08,OK
2,20260603 131950,6,2,720,2,02:08,294×154,7.2,11643.0,60/1,2026-06-03 13:54:08,OK
2,20260603 131950,6,3,720,5,00:01,4096×2160,100.0,16232.0,60/1,2026-06-03 13:56:53,OK
2,20260603 131950,6,3,720,4,01:06,1040×548,25.4,11430.0,60/1,2026-06-03 13:56:53,OK
2,20260603 131950,6,3,720,3,01:30,614×324,15.0,20798.0,60/1,2026-06-03 13:56:53,OK
2,20260603 131950,6,3,720,2,02:01,326×172,8.0,21322.0,60/1,2026-06-03 13:56:53,OK
2,20260603 131950,6,4,720,5,00:02,4096×2160,100.0,12627.0,60/1,2026-06-03 13:59:30,OK
2,20260603 131950,6,4,720,4,01:21,758×400,18.5,13543.0,60/1,2026-06-03 13:59:30,OK
2,20260603 131950,6,4,720,3,01:41,496×262,12.2,17190.0,60/1,2026-06-03 13:59:30,OK
2,20260603 131950,6,4,720,2,02:08,294×154,7.2,11770.0,60/1,2026-06-03 13:59:30,OK
2,20260603 131950,7,1,1080,5,00:02,4096×2160,100.0,23413.0,60/1,2026-06-03 13:40:40,OK
2,20260603 131950,7,1,1080,4,01:02,1156×610,28.2,10810.0,60/1,2026-06-03 13:40:40,OK
2,20260603 131950,7,1,1080,3,02:03,326×172,8.0,19666.0,60/1,2026-06-03 13:40:40,OK
2,20260603 131950,7,1,1080,2,02:22,214×112,5.2,11782.0,60/1,2026-06-03 13:40:40,OK
2,20260603 131950,7,2,1080,5,00:03,4096×2160,100.0,11447.0,60/1,2026-06-03 13:43:20,OK
2,20260603 131950,7,2,1080,4,01:34,614×324,15.0,23090.0,60/1,2026-06-03 13:43:20,OK
2,20260603 131950,7,2,1080,3,02:07,294×154,7.2,11643.0,60/1,2026-06-03 13:43:20,OK
2,20260603 131950,7,2,1080,2,02:21,214×112,5.2,19423.0,60/1,2026-06-03 13:43:20,OK
2,20260603 131950,7,3,1080,5,00:03,4096×2160,100.0,16232.0,60/1,2026-06-03 13:45:59,OK
2,20260603 131950,7,3,1080,4,01:25,682×360,16.7,25260.0,60/1,2026-06-03 13:45:59,OK
2,20260603 131950,7,3,1080,3,02:02,326×172,8.0,21322.0,60/1,2026-06-03 13:45:59,OK
2,20260603 131950,7,3,1080,2,02:22,214×112,5.2,10297.0,60/1,2026-06-03 13:45:59,OK
2,20260603 131950,7,4,1080,5,00:06,3686×1944,90.0,11285.0,60/1,2026-06-03 13:48:39,OK
2,20260603 131950,7,4,1080,4,01:41,496×262,12.2,17190.0,60/1,2026-06-03 13:48:39,OK
2,20260603 131950,7,4,1080,3,02:21,214×112,5.2,15853.0,60/1,2026-06-03 13:48:39,OK
2,20260603 131950,7,4,1080,2,,,,,,2026-06-03 13:48:39,Исключено: нет данных
2,20260603 131950,7,1,4K,5,00:46,1586×836,38.7,10961.0,60/1,2026-06-03 13:29:42,"Исключено: MOS=5 нажат поздно (00:46, 38.7%)"
2,20260603 131950,7,1,4K,4,01:02,1156×610,28.2,10810.0,60/1,2026-06-03 13:29:42,OK
2,20260603 131950,7,1,4K,3,01:42,496×262,12.2,17235.0,60/1,2026-06-03 13:29:42,OK
2,20260603 131950,7,1,4K,2,02:01,326×172,8.0,19666.0,60/1,2026-06-03 13:29:42,OK
2,20260603 131950,7,2,4K,5,00:03,4096×2160,100.0,11447.0,60/1,2026-06-03 13:32:21,OK
2,20260603 131950,7,2,4K,4,01:28,682×360,16.7,19254.0,60/1,2026-06-03 13:32:21,OK
2,20260603 131950,7,2,4K,3,01:42,496×262,12.2,10850.0,60/1,2026-06-03 13:32:21,OK
2,20260603 131950,7,2,4K,2,02:10,264×138,6.5,11925.0,60/1,2026-06-03 13:32:21,OK
2,20260603 131950,7,3,4K,5,00:20,2686×1416,65.6,14125.0,60/1,2026-06-03 13:34:58,OK
2,20260603 131950,7,3,4K,4,01:42,496×262,12.2,9763.0,60/1,2026-06-03 13:34:58,OK
2,20260603 131950,7,3,4K,3,02:01,326×172,8.0,21322.0,60/1,2026-06-03 13:34:58,OK
2,20260603 131950,7,3,4K,2,02:13,264×138,6.5,28155.0,60/1,2026-06-03 13:34:58,OK
2,20260603 131950,7,4,4K,5,00:07,3686×1944,90.0,11285.0,60/1,2026-06-03 13:37:41,OK
2,20260603 131950,7,4,4K,4,01:46,448×236,10.9,23119.0,60/1,2026-06-03 13:37:41,OK
2,20260603 131950,7,4,4K,3,02:06,294×154,7.2,11770.0,60/1,2026-06-03 13:37:41,OK
2,20260603 131950,7,4,4K,2,02:26,192×100,4.7,22937.0,60/1,2026-06-03 13:37:41,OK
2,20260603 131950,7,1,720,5,00:03,4096×2160,100.0,23413.0,60/1,2026-06-03 13:51:29,OK
2,20260603 131950,7,1,720,4,01:06,1040×548,25.4,9801.0,60/1,2026-06-03 13:51:29,OK
2,20260603 131950,7,1,720,3,01:07,1040×548,25.4,9801.0,60/1,2026-06-03 13:51:29,OK
2,20260603 131950,7,1,720,2,02:21,214×112,5.2,11782.0,60/1,2026-06-03 13:51:29,OK
2,20260603 131950,7,2,720,5,00:03,4096×2160,100.0,11447.0,60/1,2026-06-03 13:54:08,OK
2,20260603 131950,7,2,720,4,01:14,936×494,22.9,20981.0,60/1,2026-06-03 13:54:08,OK
2,20260603 131950,7,2,720,3,01:42,496×262,12.2,10850.0,60/1,2026-06-03 13:54:08,OK
2,20260603 131950,7,2,720,2,02:14,264×138,6.5,11925.0,60/1,2026-06-03 13:54:08,OK
2,20260603 131950,7,3,720,5,00:02,4096×2160,100.0,16232.0,60/1,2026-06-03 13:56:53,OK
2,20260603 131950,7,3,720,4,01:22,758×400,18.5,18989.0,60/1,2026-06-03 13:56:53,OK
2,20260603 131950,7,3,720,3,02:01,326×172,8.0,21322.0,60/1,2026-06-03 13:56:53,OK
2,20260603 131950,7,3,720,2,02:21,214×112,5.2,10297.0,60/1,2026-06-03 13:56:53,OK
2,20260603 131950,7,4,720,5,00:02,4096×2160,100.0,12627.0,60/1,2026-06-03 13:59:30,OK
2,20260603 131950,7,4,720,4,01:37,552×290,13.5,9535.0,60/1,2026-06-03 13:59:30,OK
2,20260603 131950,7,4,720,3,02:01,326×172,8.0,10546.0,60/1,2026-06-03 13:59:30,OK
2,20260603 131950,7,4,720,2,02:21,214×112,5.2,15853.0,60/1,2026-06-03 13:59:30,OK
2,20260603 131950,8,1,1080,5,00:00,4096×2160,100.0,23413.0,60/1,2026-06-03 13:40:40,OK
2,20260603 131950,8,1,1080,4,01:02,1156×610,28.2,10810.0,60/1,2026-06-03 13:40:40,OK
2,20260603 131950,8,1,1080,3,01:25,682×360,16.7,26395.0,60/1,2026-06-03 13:40:40,OK
2,20260603 131950,8,1,1080,2,01:42,496×262,12.2,17235.0,60/1,2026-06-03 13:40:40,OK
2,20260603 131950,8,2,1080,5,00:01,4096×2160,100.0,11447.0,60/1,2026-06-03 13:43:20,OK
2,20260603 131950,8,2,1080,4,01:02,1156×610,28.2,20695.0,60/1,2026-06-03 13:43:20,OK
2,20260603 131950,8,2,1080,3,01:25,682×360,16.7,19254.0,60/1,2026-06-03 13:43:20,OK
2,20260603 131950,8,2,1080,2,02:02,326×172,8.0,8000.0,60/1,2026-06-03 13:43:20,OK
2,20260603 131950,8,3,1080,5,00:01,4096×2160,100.0,16232.0,60/1,2026-06-03 13:45:59,OK
2,20260603 131950,8,3,1080,4,01:16,842×444,20.6,9303.0,60/1,2026-06-03 13:45:59,OK
2,20260603 131950,8,3,1080,3,01:22,758×400,18.5,18989.0,60/1,2026-06-03 13:45:59,OK
2,20260603 131950,8,3,1080,2,01:42,496×262,12.2,9763.0,60/1,2026-06-03 13:45:59,OK
2,20260603 131950,8,4,1080,5,00:01,4096×2160,100.0,12627.0,60/1,2026-06-03 13:48:39,OK
2,20260603 131950,8,4,1080,4,01:26,682×360,16.7,12882.0,60/1,2026-06-03 13:48:39,OK
2,20260603 131950,8,4,1080,3,01:34,614×324,15.0,14254.0,60/1,2026-06-03 13:48:39,OK
2,20260603 131950,8,4,1080,2,01:41,496×262,12.2,17190.0,60/1,2026-06-03 13:48:39,OK
2,20260603 131950,8,1,4K,5,00:10,3316×1748,81.0,21825.0,60/1,2026-06-03 13:29:42,OK
2,20260603 131950,8,1,4K,4,01:03,1156×610,28.2,10810.0,60/1,2026-06-03 13:29:42,OK
2,20260603 131950,8,1,4K,3,01:26,682×360,16.7,26395.0,60/1,2026-06-03 13:29:42,OK
2,20260603 131950,8,1,4K,2,01:41,496×262,12.2,17235.0,60/1,2026-06-03 13:29:42,OK
2,20260603 131950,8,2,4K,5,00:03,4096×2160,100.0,11447.0,60/1,2026-06-03 13:32:21,OK
2,20260603 131950,8,2,4K,4,01:04,1156×610,28.2,20695.0,60/1,2026-06-03 13:32:21,OK
2,20260603 131950,8,2,4K,3,01:25,682×360,16.7,19254.0,60/1,2026-06-03 13:32:21,OK
2,20260603 131950,8,2,4K,2,02:01,326×172,8.0,8000.0,60/1,2026-06-03 13:32:21,OK
2,20260603 131950,8,3,4K,5,00:38,1958×1032,47.8,11148.0,60/1,2026-06-03 13:34:58,"Исключено: MOS=5 нажат поздно (00:38, 47.8%)"
2,20260603 131950,8,3,4K,4,01:13,936×494,22.9,10792.0,60/1,2026-06-03 13:34:58,OK
2,20260603 131950,8,3,4K,3,01:24,758×400,18.5,18989.0,60/1,2026-06-03 13:34:58,OK
2,20260603 131950,8,3,4K,2,01:42,496×262,12.2,9763.0,60/1,2026-06-03 13:34:58,OK
2,20260603 131950,8,4,4K,5,00:00,4096×2160,100.0,12627.0,60/1,2026-06-03 13:37:41,OK
2,20260603 131950,8,4,4K,4,01:24,758×400,18.5,13543.0,60/1,2026-06-03 13:37:41,OK
2,20260603 131950,8,4,4K,3,01:36,552×290,13.5,9535.0,60/1,2026-06-03 13:37:41,OK
2,20260603 131950,8,4,4K,2,01:46,448×236,10.9,23119.0,60/1,2026-06-03 13:37:41,OK
2,20260603 131950,8,1,720,5,00:03,4096×2160,100.0,23413.0,60/1,2026-06-03 13:51:29,OK
2,20260603 131950,8,1,720,4,00:43,1762×928,43.0,9951.0,60/1,2026-06-03 13:51:29,OK
2,20260603 131950,8,1,720,3,01:05,1040×548,25.4,9801.0,60/1,2026-06-03 13:51:29,OK
2,20260603 131950,8,1,720,2,01:22,758×400,18.5,21269.0,60/1,2026-06-03 13:51:29,OK
2,20260603 131950,8,2,720,5,00:01,4096×2160,100.0,11447.0,60/1,2026-06-03 13:54:08,OK
2,20260603 131950,8,2,720,4,00:44,1762×928,43.0,14019.0,60/1,2026-06-03 13:54:08,OK
2,20260603 131950,8,2,720,3,01:01,1156×610,28.2,20695.0,60/1,2026-06-03 13:54:08,OK
2,20260603 131950,8,2,720,2,01:21,758×400,18.5,15131.0,60/1,2026-06-03 13:54:08,OK
2,20260603 131950,8,3,720,5,00:00,4096×2160,100.0,16232.0,60/1,2026-06-03 13:56:53,OK
2,20260603 131950,8,3,720,4,00:47,1586×836,38.7,20586.0,60/1,2026-06-03 13:56:53,OK
2,20260603 131950,8,3,720,3,01:01,1156×610,28.2,8753.0,60/1,2026-06-03 13:56:53,OK
2,20260603 131950,8,3,720,2,01:21,758×400,18.5,18989.0,60/1,2026-06-03 13:56:53,OK
2,20260603 131950,8,4,720,5,00:00,4096×2160,100.0,12627.0,60/1,2026-06-03 13:59:30,OK
2,20260603 131950,8,4,720,4,00:24,2686×1416,65.6,22895.0,60/1,2026-06-03 13:59:30,OK
2,20260603 131950,8,4,720,3,01:21,758×400,18.5,13543.0,60/1,2026-06-03 13:59:30,OK
2,20260603 131950,8,4,720,2,01:34,614×324,15.0,14254.0,60/1,2026-06-03 13:59:30,OK
2,20260603 131950,9,1,1080,5,00:06,3686×1944,90.0,30431.0,60/1,2026-06-03 13:40:40,OK
2,20260603 131950,9,1,1080,4,01:03,1156×610,28.2,10810.0,60/1,2026-06-03 13:40:40,OK
2,20260603 131950,9,1,1080,3,01:43,496×262,12.2,17235.0,60/1,2026-06-03 13:40:40,OK
2,20260603 131950,9,1,1080,2,02:09,294×154,7.2,22412.0,60/1,2026-06-03 13:40:40,OK
2,20260603 131950,9,2,1080,5,00:03,4096×2160,100.0,11447.0,60/1,2026-06-03 13:43:20,OK
2,20260603 131950,9,2,1080,4,01:17,842×444,20.6,14914.0,60/1,2026-06-03 13:43:20,OK
2,20260603 131950,9,2,1080,3,01:42,496×262,12.2,10850.0,60/1,2026-06-03 13:43:20,OK
2,20260603 131950,9,2,1080,2,02:09,294×154,7.2,11643.0,60/1,2026-06-03 13:43:20,OK
2,20260603 131950,9,3,1080,5,00:01,4096×2160,100.0,16232.0,60/1,2026-06-03 13:45:59,OK
2,20260603 131950,9,3,1080,4,01:08,1040×548,25.4,11430.0,60/1,2026-06-03 13:45:59,OK
2,20260603 131950,9,3,1080,3,01:41,496×262,12.2,9763.0,60/1,2026-06-03 13:45:59,OK
2,20260603 131950,9,3,1080,2,02:21,214×112,5.2,10297.0,60/1,2026-06-03 13:45:59,OK
2,20260603 131950,9,4,1080,5,00:10,3316×1748,81.0,9284.0,60/1,2026-06-03 13:48:39,OK
2,20260603 131950,9,4,1080,4,00:57,1284×676,31.4,9145.0,60/1,2026-06-03 13:48:39,OK
2,20260603 131950,9,4,1080,3,01:40,496×262,12.2,17190.0,60/1,2026-06-03 13:48:39,OK
2,20260603 131950,9,4,1080,2,02:07,294×154,7.2,11770.0,60/1,2026-06-03 13:48:39,OK
2,20260603 131950,9,1,4K,5,00:09,3686×1944,90.0,30431.0,60/1,2026-06-03 13:29:42,OK
2,20260603 131950,9,1,4K,4,01:31,614×324,15.0,29472.0,60/1,2026-06-03 13:29:42,OK
2,20260603 131950,9,1,4K,3,01:43,496×262,12.2,17235.0,60/1,2026-06-03 13:29:42,OK
2,20260603 131950,9,1,4K,2,02:04,326×172,8.0,19666.0,60/1,2026-06-03 13:29:42,OK
2,20260603 131950,9,2,4K,5,00:04,4096×2160,100.0,11447.0,60/1,2026-06-03 13:32:21,OK
2,20260603 131950,9,2,4K,4,01:26,682×360,16.7,19254.0,60/1,2026-06-03 13:32:21,OK
2,20260603 131950,9,2,4K,3,01:55,362×190,8.9,9113.0,60/1,2026-06-03 13:32:21,OK
2,20260603 131950,9,2,4K,2,02:06,294×154,7.2,11643.0,60/1,2026-06-03 13:32:21,OK
2,20260603 131950,9,3,4K,5,00:04,4096×2160,100.0,16232.0,60/1,2026-06-03 13:34:58,OK
2,20260603 131950,9,3,4K,4,01:26,682×360,16.7,25260.0,60/1,2026-06-03 13:34:58,OK
2,20260603 131950,9,3,4K,3,01:45,448×236,10.9,10947.0,60/1,2026-06-03 13:34:58,OK
2,20260603 131950,9,3,4K,2,02:02,326×172,8.0,21322.0,60/1,2026-06-03 13:34:58,OK
2,20260603 131950,9,4,4K,5,00:05,3686×1944,90.0,11285.0,60/1,2026-06-03 13:37:41,OK
2,20260603 131950,9,4,4K,4,01:07,1040×548,25.4,20038.0,60/1,2026-06-03 13:37:41,OK
2,20260603 131950,9,4,4K,3,01:36,552×290,13.5,9535.0,60/1,2026-06-03 13:37:41,OK
2,20260603 131950,9,4,4K,2,02:10,264×138,6.5,13414.0,60/1,2026-06-03 13:37:41,OK
2,20260603 131950,9,1,720,5,00:02,4096×2160,100.0,23413.0,60/1,2026-06-03 13:51:29,OK
2,20260603 131950,9,1,720,4,00:47,1586×836,38.7,10961.0,60/1,2026-06-03 13:51:29,OK
2,20260603 131950,9,1,720,3,01:44,496×262,12.2,17235.0,60/1,2026-06-03 13:51:29,OK
2,20260603 131950,9,1,720,2,02:26,192×100,4.7,11247.0,60/1,2026-06-03 13:51:29,OK
2,20260603 131950,9,2,720,5,00:01,4096×2160,100.0,11447.0,60/1,2026-06-03 13:54:08,OK
2,20260603 131950,9,2,720,4,01:11,936×494,22.9,20981.0,60/1,2026-06-03 13:54:08,OK
2,20260603 131950,9,2,720,3,01:23,758×400,18.5,15131.0,60/1,2026-06-03 13:54:08,OK
2,20260603 131950,9,2,720,2,02:07,294×154,7.2,11643.0,60/1,2026-06-03 13:54:08,OK
2,20260603 131950,9,3,720,5,00:02,4096×2160,100.0,16232.0,60/1,2026-06-03 13:56:53,OK
2,20260603 131950,9,3,720,4,01:29,682×360,16.7,25260.0,60/1,2026-06-03 13:56:53,OK
2,20260603 131950,9,3,720,3,01:44,496×262,12.2,9763.0,60/1,2026-06-03 13:56:53,OK
2,20260603 131950,9,3,720,2,02:27,192×100,4.7,9735.0,60/1,2026-06-03 13:56:53,OK
2,20260603 131950,9,4,720,5,00:01,4096×2160,100.0,12627.0,60/1,2026-06-03 13:59:30,OK
2,20260603 131950,9,4,720,4,01:10,936×494,22.9,23949.0,60/1,2026-06-03 13:59:30,OK
2,20260603 131950,9,4,720,3,01:37,552×290,13.5,9535.0,60/1,2026-06-03 13:59:30,OK
2,20260603 131950,9,4,720,2,02:03,326×172,8.0,10546.0,60/1,2026-06-03 13:59:30,OK
2,20260603 131950,10,1,1080,5,00:04,4096×2160,100.0,23413.0,60/1,2026-06-03 13:40:40,OK
2,20260603 131950,10,1,1080,4,00:41,1762×928,43.0,9951.0,60/1,2026-06-03 13:40:40,OK
2,20260603 131950,10,1,1080,3,01:08,1040×548,25.4,9801.0,60/1,2026-06-03 13:40:40,OK
2,20260603 131950,10,1,1080,2,02:06,294×154,7.2,22412.0,60/1,2026-06-03 13:40:40,OK
2,20260603 131950,10,2,1080,5,00:02,4096×2160,100.0,11447.0,60/1,2026-06-03 13:43:20,OK
2,20260603 131950,10,2,1080,4,01:17,842×444,20.6,14914.0,60/1,2026-06-03 13:43:20,OK
2,20260603 131950,10,2,1080,3,01:48,448×236,10.9,9556.0,60/1,2026-06-03 13:43:20,OK
2,20260603 131950,10,2,1080,2,02:11,264×138,6.5,11925.0,60/1,2026-06-03 13:43:20,OK
2,20260603 131950,10,3,1080,5,00:00,4096×2160,100.0,16232.0,60/1,2026-06-03 13:45:59,OK
2,20260603 131950,10,3,1080,4,01:01,1156×610,28.2,8753.0,60/1,2026-06-03 13:45:59,OK
2,20260603 131950,10,3,1080,3,01:22,758×400,18.5,18989.0,60/1,2026-06-03 13:45:59,OK
2,20260603 131950,10,3,1080,2,02:14,264×138,6.5,28155.0,60/1,2026-06-03 13:45:59,OK
2,20260603 131950,10,4,1080,5,00:03,4096×2160,100.0,12627.0,60/1,2026-06-03 13:48:39,OK
2,20260603 131950,10,4,1080,4,00:48,1586×836,38.7,11552.0,60/1,2026-06-03 13:48:39,OK
2,20260603 131950,10,4,1080,3,01:38,552×290,13.5,9535.0,60/1,2026-06-03 13:48:39,OK
2,20260603 131950,10,4,1080,2,02:04,326×172,8.0,10546.0,60/1,2026-06-03 13:48:39,OK
2,20260603 131950,10,1,4K,5,00:07,3686×1944,90.0,30431.0,60/1,2026-06-03 13:29:42,OK
2,20260603 131950,10,1,4K,4,00:56,1284×676,31.4,11073.0,60/1,2026-06-03 13:29:42,OK
2,20260603 131950,10,1,4K,3,01:35,552×290,13.5,24340.0,60/1,2026-06-03 13:29:42,OK
2,20260603 131950,10,1,4K,2,02:04,326×172,8.0,19666.0,60/1,2026-06-03 13:29:42,OK
2,20260603 131950,10,2,4K,5,00:01,4096×2160,100.0,11447.0,60/1,2026-06-03 13:32:21,OK
2,20260603 131950,10,2,4K,4,01:05,1040×548,25.4,26503.0,60/1,2026-06-03 13:32:21,OK
2,20260603 131950,10,2,4K,3,01:49,448×236,10.9,9556.0,60/1,2026-06-03 13:32:21,OK
2,20260603 131950,10,2,4K,2,02:07,294×154,7.2,11643.0,60/1,2026-06-03 13:32:21,OK
2,20260603 131950,10,3,4K,5,00:02,4096×2160,100.0,16232.0,60/1,2026-06-03 13:34:58,OK
2,20260603 131950,10,3,4K,4,01:25,682×360,16.7,25260.0,60/1,2026-06-03 13:34:58,OK
2,20260603 131950,10,3,4K,3,01:46,448×236,10.9,10947.0,60/1,2026-06-03 13:34:58,OK
2,20260603 131950,10,3,4K,2,02:04,326×172,8.0,21322.0,60/1,2026-06-03 13:34:58,OK
2,20260603 131950,10,4,4K,5,00:03,4096×2160,100.0,12627.0,60/1,2026-06-03 13:37:41,OK
2,20260603 131950,10,4,4K,4,01:22,758×400,18.5,13543.0,60/1,2026-06-03 13:37:41,OK
2,20260603 131950,10,4,4K,3,01:49,448×236,10.9,23119.0,60/1,2026-06-03 13:37:41,OK
2,20260603 131950,10,4,4K,2,02:09,294×154,7.2,11770.0,60/1,2026-06-03 13:37:41,OK
2,20260603 131950,10,1,720,5,00:00,4096×2160,100.0,23413.0,60/1,2026-06-03 13:51:29,OK
2,20260603 131950,10,1,720,4,00:44,1762×928,43.0,9951.0,60/1,2026-06-03 13:51:29,OK
2,20260603 131950,10,1,720,3,01:40,496×262,12.2,17235.0,60/1,2026-06-03 13:51:29,OK
2,20260603 131950,10,1,720,2,02:04,326×172,8.0,19666.0,60/1,2026-06-03 13:51:29,OK
2,20260603 131950,10,2,720,5,00:04,4096×2160,100.0,11447.0,60/1,2026-06-03 13:54:08,OK
2,20260603 131950,10,2,720,4,00:43,1762×928,43.0,14019.0,60/1,2026-06-03 13:54:08,OK
2,20260603 131950,10,2,720,3,01:22,758×400,18.5,15131.0,60/1,2026-06-03 13:54:08,OK
2,20260603 131950,10,2,720,2,02:03,326×172,8.0,8000.0,60/1,2026-06-03 13:54:08,OK
2,20260603 131950,10,3,720,5,00:00,4096×2160,100.0,16232.0,60/1,2026-06-03 13:56:53,OK
2,20260603 131950,10,3,720,4,01:14,936×494,22.9,10792.0,60/1,2026-06-03 13:56:53,OK
2,20260603 131950,10,3,720,3,01:43,496×262,12.2,9763.0,60/1,2026-06-03 13:56:53,OK
2,20260603 131950,10,3,720,2,02:03,326×172,8.0,21322.0,60/1,2026-06-03 13:56:53,OK
2,20260603 131950,10,4,720,5,00:00,4096×2160,100.0,12627.0,60/1,2026-06-03 13:59:30,OK
2,20260603 131950,10,4,720,4,01:07,1040×548,25.4,20038.0,60/1,2026-06-03 13:59:30,OK
2,20260603 131950,10,4,720,3,01:43,496×262,12.2,17190.0,60/1,2026-06-03 13:59:30,OK
2,20260603 131950,10,4,720,2,02:18,238×124,5.8,11239.0,60/1,2026-06-03 13:59:30,OK
2,20260603 131950,11,1,1080,5,00:04,4096×2160,100.0,23413.0,60/1,2026-06-03 13:40:40,OK
2,20260603 131950,11,1,1080,4,00:44,1762×928,43.0,9951.0,60/1,2026-06-03 13:40:40,OK
2,20260603 131950,11,1,1080,3,01:44,496×262,12.2,17235.0,60/1,2026-06-03 13:40:40,OK
2,20260603 131950,11,1,1080,2,02:06,294×154,7.2,22412.0,60/1,2026-06-03 13:40:40,OK
2,20260603 131950,11,2,1080,5,00:02,4096×2160,100.0,11447.0,60/1,2026-06-03 13:43:20,OK
2,20260603 131950,11,2,1080,4,01:26,682×360,16.7,19254.0,60/1,2026-06-03 13:43:20,OK
2,20260603 131950,11,2,1080,3,01:56,362×190,8.9,9113.0,60/1,2026-06-03 13:43:20,OK
2,20260603 131950,11,2,1080,2,02:10,264×138,6.5,11925.0,60/1,2026-06-03 13:43:20,OK
2,20260603 131950,11,3,1080,5,00:04,4096×2160,100.0,16232.0,60/1,2026-06-03 13:45:59,OK
2,20260603 131950,11,3,1080,4,01:27,682×360,16.7,25260.0,60/1,2026-06-03 13:45:59,OK
2,20260603 131950,11,3,1080,3,01:41,496×262,12.2,9763.0,60/1,2026-06-03 13:45:59,OK
2,20260603 131950,11,3,1080,2,02:03,326×172,8.0,21322.0,60/1,2026-06-03 13:45:59,OK
2,20260603 131950,11,4,1080,5,00:02,4096×2160,100.0,12627.0,60/1,2026-06-03 13:48:39,OK
2,20260603 131950,11,4,1080,4,01:36,552×290,13.5,9535.0,60/1,2026-06-03 13:48:39,OK
2,20260603 131950,11,4,1080,3,01:54,402×212,9.8,21000.0,60/1,2026-06-03 13:48:39,OK
2,20260603 131950,11,4,1080,2,02:06,294×154,7.2,11770.0,60/1,2026-06-03 13:48:39,OK
2,20260603 131950,11,1,4K,5,00:11,3316×1748,81.0,21825.0,60/1,2026-06-03 13:29:42,OK
2,20260603 131950,11,1,4K,4,01:41,496×262,12.2,17235.0,60/1,2026-06-03 13:29:42,OK
2,20260603 131950,11,1,4K,3,01:57,362×190,8.9,22212.0,60/1,2026-06-03 13:29:42,OK
2,20260603 131950,11,1,4K,2,02:04,326×172,8.0,19666.0,60/1,2026-06-03 13:29:42,OK
2,20260603 131950,11,2,4K,5,00:08,3686×1944,90.0,11912.0,60/1,2026-06-03 13:32:21,OK
2,20260603 131950,11,2,4K,4,01:37,552×290,13.5,22781.0,60/1,2026-06-03 13:32:21,OK
2,20260603 131950,11,2,4K,3,01:59,362×190,8.9,9113.0,60/1,2026-06-03 13:32:21,OK
2,20260603 131950,11,2,4K,2,02:07,294×154,7.2,11643.0,60/1,2026-06-03 13:32:21,OK
2,20260603 131950,11,3,4K,5,00:11,3316×1748,81.0,24692.0,60/1,2026-06-03 13:34:58,OK
2,20260603 131950,11,3,4K,4,01:37,552×290,13.5,13924.0,60/1,2026-06-03 13:34:58,OK
2,20260603 131950,11,3,4K,3,01:43,496×262,12.2,9763.0,60/1,2026-06-03 13:34:58,OK
2,20260603 131950,11,3,4K,2,02:01,326×172,8.0,21322.0,60/1,2026-06-03 13:34:58,OK
2,20260603 131950,11,4,4K,5,00:06,3686×1944,90.0,11285.0,60/1,2026-06-03 13:37:41,OK
2,20260603 131950,11,4,4K,4,01:26,682×360,16.7,12882.0,60/1,2026-06-03 13:37:41,OK
2,20260603 131950,11,4,4K,3,01:57,362×190,8.9,15040.0,60/1,2026-06-03 13:37:41,OK
2,20260603 131950,11,4,4K,2,02:08,294×154,7.2,11770.0,60/1,2026-06-03 13:37:41,OK
2,20260603 131950,11,1,720,5,00:03,4096×2160,100.0,23413.0,60/1,2026-06-03 13:51:29,OK
2,20260603 131950,11,1,720,4,01:28,682×360,16.7,26395.0,60/1,2026-06-03 13:51:29,OK
2,20260603 131950,11,1,720,3,01:45,448×236,10.9,20553.0,60/1,2026-06-03 13:51:29,OK
2,20260603 131950,11,1,720,2,02:13,264×138,6.5,26487.0,60/1,2026-06-03 13:51:29,OK
2,20260603 131950,11,2,720,5,00:02,4096×2160,100.0,11447.0,60/1,2026-06-03 13:54:08,OK
2,20260603 131950,11,2,720,4,01:23,758×400,18.5,15131.0,60/1,2026-06-03 13:54:08,OK
2,20260603 131950,11,2,720,3,02:02,326×172,8.0,8000.0,60/1,2026-06-03 13:54:08,OK
2,20260603 131950,11,2,720,2,02:16,238×124,5.8,8493.0,60/1,2026-06-03 13:54:08,OK
2,20260603 131950,11,3,720,5,00:01,4096×2160,100.0,16232.0,60/1,2026-06-03 13:56:53,OK
2,20260603 131950,11,3,720,4,01:23,758×400,18.5,18989.0,60/1,2026-06-03 13:56:53,OK
2,20260603 131950,11,3,720,3,01:41,496×262,12.2,9763.0,60/1,2026-06-03 13:56:53,OK
2,20260603 131950,11,3,720,2,02:05,294×154,7.2,25487.0,60/1,2026-06-03 13:56:53,OK
2,20260603 131950,11,4,720,5,00:05,3686×1944,90.0,11285.0,60/1,2026-06-03 13:59:30,OK
2,20260603 131950,11,4,720,4,01:22,758×400,18.5,13543.0,60/1,2026-06-03 13:59:30,OK
2,20260603 131950,11,4,720,3,01:42,496×262,12.2,17190.0,60/1,2026-06-03 13:59:30,OK
2,20260603 131950,11,4,720,2,02:02,326×172,8.0,10546.0,60/1,2026-06-03 13:59:30,OK
2,20260603 131950,12,1,1080,5,00:03,4096×2160,100.0,23413.0,60/1,2026-06-03 13:40:40,OK
2,20260603 131950,12,1,1080,4,01:27,682×360,16.7,26395.0,60/1,2026-06-03 13:40:40,OK
2,20260603 131950,12,1,1080,3,01:45,448×236,10.9,20553.0,60/1,2026-06-03 13:40:40,OK
2,20260603 131950,12,1,1080,2,02:03,326×172,8.0,19666.0,60/1,2026-06-03 13:40:40,OK
2,20260603 131950,12,2,1080,5,00:03,4096×2160,100.0,11447.0,60/1,2026-06-03 13:43:20,OK
2,20260603 131950,12,2,1080,4,01:59,362×190,8.9,9113.0,60/1,2026-06-03 13:43:20,OK
2,20260603 131950,12,2,1080,3,02:06,294×154,7.2,11643.0,60/1,2026-06-03 13:43:20,OK
2,20260603 131950,12,2,1080,2,02:22,214×112,5.2,19423.0,60/1,2026-06-03 13:43:20,OK
2,20260603 131950,12,3,1080,5,00:01,4096×2160,100.0,16232.0,60/1,2026-06-03 13:45:59,OK
2,20260603 131950,12,3,1080,4,01:41,496×262,12.2,9763.0,60/1,2026-06-03 13:45:59,OK
2,20260603 131950,12,3,1080,3,02:01,326×172,8.0,21322.0,60/1,2026-06-03 13:45:59,OK
2,20260603 131950,12,3,1080,2,02:22,214×112,5.2,10297.0,60/1,2026-06-03 13:45:59,OK
2,20260603 131950,12,4,1080,5,00:06,3686×1944,90.0,11285.0,60/1,2026-06-03 13:48:39,OK
2,20260603 131950,12,4,1080,4,01:45,448×236,10.9,23119.0,60/1,2026-06-03 13:48:39,OK
2,20260603 131950,12,4,1080,3,02:01,326×172,8.0,10546.0,60/1,2026-06-03 13:48:39,OK
2,20260603 131950,12,4,1080,2,02:21,214×112,5.2,15853.0,60/1,2026-06-03 13:48:39,OK
2,20260603 131950,12,1,4K,5,00:30,2176×1146,53.1,11205.0,60/1,2026-06-03 13:29:42,OK
2,20260603 131950,12,1,4K,4,01:34,614×324,15.0,29472.0,60/1,2026-06-03 13:29:42,OK
2,20260603 131950,12,1,4K,3,02:05,294×154,7.2,22412.0,60/1,2026-06-03 13:29:42,OK
2,20260603 131950,12,1,4K,2,02:23,214×112,5.2,11782.0,60/1,2026-06-03 13:29:42,OK
2,20260603 131950,12,2,4K,5,00:09,3686×1944,90.0,11912.0,60/1,2026-06-03 13:32:21,OK
2,20260603 131950,12,2,4K,4,01:50,402×212,9.8,9166.0,60/1,2026-06-03 13:32:21,OK
2,20260603 131950,12,2,4K,3,02:02,326×172,8.0,8000.0,60/1,2026-06-03 13:32:21,OK
2,20260603 131950,12,2,4K,2,02:10,264×138,6.5,11925.0,60/1,2026-06-03 13:32:21,OK
2,20260603 131950,12,3,4K,5,00:02,4096×2160,100.0,16232.0,60/1,2026-06-03 13:34:58,OK
2,20260603 131950,12,3,4K,4,01:38,552×290,13.5,13924.0,60/1,2026-06-03 13:34:58,OK
2,20260603 131950,12,3,4K,3,01:58,362×190,8.9,11340.0,60/1,2026-06-03 13:34:58,OK
2,20260603 131950,12,3,4K,2,02:02,326×172,8.0,21322.0,60/1,2026-06-03 13:34:58,OK
2,20260603 131950,12,4,4K,5,00:04,4096×2160,100.0,12627.0,60/1,2026-06-03 13:37:41,OK
2,20260603 131950,12,4,4K,4,01:47,448×236,10.9,23119.0,60/1,2026-06-03 13:37:41,OK
2,20260603 131950,12,4,4K,3,02:09,294×154,7.2,11770.0,60/1,2026-06-03 13:37:41,OK
2,20260603 131950,12,4,4K,2,02:26,192×100,4.7,22937.0,60/1,2026-06-03 13:37:41,OK
2,20260603 131950,12,1,720,5,00:02,4096×2160,100.0,23413.0,60/1,2026-06-03 13:51:29,OK
2,20260603 131950,12,1,720,4,01:24,758×400,18.5,21269.0,60/1,2026-06-03 13:51:29,OK
2,20260603 131950,12,1,720,3,01:43,496×262,12.2,17235.0,60/1,2026-06-03 13:51:29,OK
2,20260603 131950,12,1,720,2,02:06,294×154,7.2,22412.0,60/1,2026-06-03 13:51:29,OK
2,20260603 131950,12,2,720,5,00:02,4096×2160,100.0,11447.0,60/1,2026-06-03 13:54:08,OK
2,20260603 131950,12,2,720,4,01:51,402×212,9.8,9166.0,60/1,2026-06-03 13:54:08,OK
2,20260603 131950,12,2,720,3,02:04,326×172,8.0,8000.0,60/1,2026-06-03 13:54:08,OK
2,20260603 131950,12,2,720,2,02:24,214×112,5.2,19423.0,60/1,2026-06-03 13:54:08,OK
2,20260603 131950,12,3,720,5,00:01,4096×2160,100.0,16232.0,60/1,2026-06-03 13:56:53,OK
2,20260603 131950,12,3,720,4,01:47,448×236,10.9,10947.0,60/1,2026-06-03 13:56:53,OK
2,20260603 131950,12,3,720,3,02:03,326×172,8.0,21322.0,60/1,2026-06-03 13:56:53,OK
2,20260603 131950,12,3,720,2,,,,,,2026-06-03 13:56:53,Исключено: нет данных
2,20260603 131950,12,4,720,5,00:01,4096×2160,100.0,12627.0,60/1,2026-06-03 13:59:30,OK
2,20260603 131950,12,4,720,4,01:36,552×290,13.5,9535.0,60/1,2026-06-03 13:59:30,OK
2,20260603 131950,12,4,720,3,01:43,496×262,12.2,17190.0,60/1,2026-06-03 13:59:30,OK
2,20260603 131950,12,4,720,2,02:02,326×172,8.0,10546.0,60/1,2026-06-03 13:59:30,OK
3,20260603 141031,13,1,1080,5,00:03,4096×2160,100.0,23413.0,60/1,2026-06-03 14:28:40,OK
3,20260603 141031,13,1,1080,4,01:04,1156×610,28.2,10810.0,60/1,2026-06-03 14:28:40,OK
3,20260603 141031,13,1,1080,3,01:44,496×262,12.2,17235.0,60/1,2026-06-03 14:28:40,OK
3,20260603 141031,13,1,1080,2,02:22,214×112,5.2,11782.0,60/1,2026-06-03 14:28:40,OK
3,20260603 141031,13,2,1080,5,00:00,4096×2160,100.0,11447.0,60/1,2026-06-03 14:31:19,OK
3,20260603 141031,13,2,1080,4,00:56,1284×676,31.4,11350.0,60/1,2026-06-03 14:31:19,OK
3,20260603 141031,13,2,1080,3,01:46,448×236,10.9,9556.0,60/1,2026-06-03 14:31:19,OK
3,20260603 141031,13,2,1080,2,02:22,214×112,5.2,19423.0,60/1,2026-06-03 14:31:19,OK
3,20260603 141031,13,3,1080,5,00:15,2984×1574,72.9,26243.0,60/1,2026-06-03 14:33:56,OK
3,20260603 141031,13,3,1080,4,01:21,758×400,18.5,18989.0,60/1,2026-06-03 14:33:56,OK
3,20260603 141031,13,3,1080,3,02:01,326×172,8.0,21322.0,60/1,2026-06-03 14:33:56,OK
3,20260603 141031,13,3,1080,2,02:21,214×112,5.2,10297.0,60/1,2026-06-03 14:33:56,OK
3,20260603 141031,13,4,1080,5,00:02,4096×2160,100.0,12627.0,60/1,2026-06-03 14:36:34,OK
3,20260603 141031,13,4,1080,4,01:13,936×494,22.9,23949.0,60/1,2026-06-03 14:36:34,OK
3,20260603 141031,13,4,1080,3,01:42,496×262,12.2,17190.0,60/1,2026-06-03 14:36:34,OK
3,20260603 141031,13,4,1080,2,02:21,214×112,5.2,15853.0,60/1,2026-06-03 14:36:34,OK
3,20260603 141031,13,1,4K,5,00:00,4096×2160,100.0,23413.0,60/1,2026-06-03 14:17:55,OK
3,20260603 141031,13,1,4K,4,00:30,2176×1146,53.1,11205.0,60/1,2026-06-03 14:17:55,OK
3,20260603 141031,13,1,4K,3,01:04,1156×610,28.2,10810.0,60/1,2026-06-03 14:17:55,OK
3,20260603 141031,13,1,4K,2,01:54,402×212,9.8,25400.0,60/1,2026-06-03 14:17:55,OK
3,20260603 141031,13,2,4K,5,00:29,2418×1274,59.0,19463.0,60/1,2026-06-03 14:20:34,OK
3,20260603 141031,13,2,4K,4,00:57,1284×676,31.4,11350.0,60/1,2026-06-03 14:20:34,OK
3,20260603 141031,13,2,4K,3,01:40,496×262,12.2,10850.0,60/1,2026-06-03 14:20:34,OK
3,20260603 141031,13,2,4K,2,02:20,214×112,5.2,19423.0,60/1,2026-06-03 14:20:34,OK
3,20260603 141031,13,3,4K,5,00:03,4096×2160,100.0,16232.0,60/1,2026-06-03 14:23:12,OK
3,20260603 141031,13,3,4K,4,01:23,758×400,18.5,18989.0,60/1,2026-06-03 14:23:12,OK
3,20260603 141031,13,3,4K,3,02:01,326×172,8.0,21322.0,60/1,2026-06-03 14:23:12,OK
3,20260603 141031,13,3,4K,2,02:16,238×124,5.8,23229.0,60/1,2026-06-03 14:23:12,OK
3,20260603 141031,13,4,4K,5,00:01,4096×2160,100.0,12627.0,60/1,2026-06-03 14:25:50,OK
3,20260603 141031,13,4,4K,4,01:22,758×400,18.5,13543.0,60/1,2026-06-03 14:25:50,OK
3,20260603 141031,13,4,4K,3,01:43,496×262,12.2,17190.0,60/1,2026-06-03 14:25:50,OK
3,20260603 141031,13,4,4K,2,02:21,214×112,5.2,15853.0,60/1,2026-06-03 14:25:50,OK
3,20260603 141031,13,1,720,5,00:00,4096×2160,100.0,23413.0,60/1,2026-06-03 14:39:22,OK
3,20260603 141031,13,1,720,4,01:03,1156×610,28.2,10810.0,60/1,2026-06-03 14:39:22,OK
3,20260603 141031,13,1,720,3,01:44,496×262,12.2,17235.0,60/1,2026-06-03 14:39:22,OK
3,20260603 141031,13,1,720,2,02:21,214×112,5.2,11782.0,60/1,2026-06-03 14:39:22,OK
3,20260603 141031,13,2,720,5,00:01,4096×2160,100.0,11447.0,60/1,2026-06-03 14:42:00,OK
3,20260603 141031,13,2,720,4,01:03,1156×610,28.2,20695.0,60/1,2026-06-03 14:42:00,OK
3,20260603 141031,13,2,720,3,02:07,294×154,7.2,11643.0,60/1,2026-06-03 14:42:00,OK
3,20260603 141031,13,2,720,2,02:21,214×112,5.2,19423.0,60/1,2026-06-03 14:42:00,OK
3,20260603 141031,13,3,720,5,00:01,4096×2160,100.0,16232.0,60/1,2026-06-03 14:44:39,OK
3,20260603 141031,13,3,720,4,01:21,758×400,18.5,18989.0,60/1,2026-06-03 14:44:39,OK
3,20260603 141031,13,3,720,3,01:54,402×212,9.8,13771.0,60/1,2026-06-03 14:44:39,OK
3,20260603 141031,13,3,720,2,02:20,214×112,5.2,10297.0,60/1,2026-06-03 14:44:39,OK
3,20260603 141031,13,4,720,5,00:01,4096×2160,100.0,12627.0,60/1,2026-06-03 14:47:16,OK
3,20260603 141031,13,4,720,4,01:21,758×400,18.5,13543.0,60/1,2026-06-03 14:47:16,OK
3,20260603 141031,13,4,720,3,01:43,496×262,12.2,17190.0,60/1,2026-06-03 14:47:16,OK
3,20260603 141031,13,4,720,2,02:21,214×112,5.2,15853.0,60/1,2026-06-03 14:47:16,OK
3,20260603 141031,14,1,1080,5,00:03,4096×2160,100.0,23413.0,60/1,2026-06-03 14:28:40,OK
3,20260603 141031,14,1,1080,4,01:04,1156×610,28.2,10810.0,60/1,2026-06-03 14:28:40,OK
3,20260603 141031,14,1,1080,3,01:58,362×190,8.9,22212.0,60/1,2026-06-03 14:28:40,OK
3,20260603 141031,14,1,1080,2,02:07,294×154,7.2,22412.0,60/1,2026-06-03 14:28:40,OK
3,20260603 141031,14,2,1080,5,00:02,4096×2160,100.0,11447.0,60/1,2026-06-03 14:31:19,OK
3,20260603 141031,14,2,1080,4,00:58,1284×676,31.4,11350.0,60/1,2026-06-03 14:31:19,OK
3,20260603 141031,14,2,1080,3,01:56,362×190,8.9,9113.0,60/1,2026-06-03 14:31:19,OK
3,20260603 141031,14,2,1080,2,02:07,294×154,7.2,11643.0,60/1,2026-06-03 14:31:19,OK
3,20260603 141031,14,3,1080,5,00:00,4096×2160,100.0,16232.0,60/1,2026-06-03 14:33:56,OK
3,20260603 141031,14,3,1080,4,01:06,1040×548,25.4,11430.0,60/1,2026-06-03 14:33:56,OK
3,20260603 141031,14,3,1080,3,01:35,552×290,13.5,13924.0,60/1,2026-06-03 14:33:56,OK
3,20260603 141031,14,3,1080,2,02:12,264×138,6.5,28155.0,60/1,2026-06-03 14:33:56,OK
3,20260603 141031,14,4,1080,5,00:03,4096×2160,100.0,12627.0,60/1,2026-06-03 14:36:34,OK
3,20260603 141031,14,4,1080,4,01:23,758×400,18.5,13543.0,60/1,2026-06-03 14:36:34,OK
3,20260603 141031,14,4,1080,3,01:36,552×290,13.5,9535.0,60/1,2026-06-03 14:36:34,OK
3,20260603 141031,14,4,1080,2,02:02,326×172,8.0,10546.0,60/1,2026-06-03 14:36:34,OK
3,20260603 141031,14,1,4K,5,00:10,3316×1748,81.0,21825.0,60/1,2026-06-03 14:17:55,OK
3,20260603 141031,14,1,4K,4,00:27,2418×1274,59.0,11957.0,60/1,2026-06-03 14:17:55,OK
3,20260603 141031,14,1,4K,3,01:03,1156×610,28.2,10810.0,60/1,2026-06-03 14:17:55,OK
3,20260603 141031,14,1,4K,2,01:42,496×262,12.2,17235.0,60/1,2026-06-03 14:17:55,OK
3,20260603 141031,14,2,4K,5,00:07,3686×1944,90.0,11912.0,60/1,2026-06-03 14:20:34,OK
3,20260603 141031,14,2,4K,4,01:06,1040×548,25.4,26503.0,60/1,2026-06-03 14:20:34,OK
3,20260603 141031,14,2,4K,3,01:44,496×262,12.2,10850.0,60/1,2026-06-03 14:20:34,OK
3,20260603 141031,14,2,4K,2,02:05,294×154,7.2,11643.0,60/1,2026-06-03 14:20:34,OK
3,20260603 141031,14,3,4K,5,00:01,4096×2160,100.0,16232.0,60/1,2026-06-03 14:23:12,OK
3,20260603 141031,14,3,4K,4,01:09,1040×548,25.4,11430.0,60/1,2026-06-03 14:23:12,OK
3,20260603 141031,14,3,4K,3,01:40,496×262,12.2,9763.0,60/1,2026-06-03 14:23:12,OK
3,20260603 141031,14,3,4K,2,02:06,294×154,7.2,25487.0,60/1,2026-06-03 14:23:12,OK
3,20260603 141031,14,4,4K,5,00:01,4096×2160,100.0,12627.0,60/1,2026-06-03 14:25:50,OK
3,20260603 141031,14,4,4K,4,01:06,1040×548,25.4,20038.0,60/1,2026-06-03 14:25:50,OK
3,20260603 141031,14,4,4K,3,01:37,552×290,13.5,9535.0,60/1,2026-06-03 14:25:50,OK
3,20260603 141031,14,4,4K,2,02:06,294×154,7.2,11770.0,60/1,2026-06-03 14:25:50,OK
3,20260603 141031,14,1,720,5,00:05,3686×1944,90.0,30431.0,60/1,2026-06-03 14:39:22,OK
3,20260603 141031,14,1,720,4,01:07,1040×548,25.4,9801.0,60/1,2026-06-03 14:39:22,OK
3,20260603 141031,14,1,720,3,01:43,496×262,12.2,17235.0,60/1,2026-06-03 14:39:22,OK
3,20260603 141031,14,1,720,2,02:04,326×172,8.0,19666.0,60/1,2026-06-03 14:39:22,OK
3,20260603 141031,14,2,720,5,00:01,4096×2160,100.0,11447.0,60/1,2026-06-03 14:42:00,OK
3,20260603 141031,14,2,720,4,01:02,1156×610,28.2,20695.0,60/1,2026-06-03 14:42:00,OK
3,20260603 141031,14,2,720,3,01:42,496×262,12.2,10850.0,60/1,2026-06-03 14:42:00,OK
3,20260603 141031,14,2,720,2,02:22,214×112,5.2,19423.0,60/1,2026-06-03 14:42:00,OK
3,20260603 141031,14,3,720,5,00:00,4096×2160,100.0,16232.0,60/1,2026-06-03 14:44:39,OK
3,20260603 141031,14,3,720,4,01:25,682×360,16.7,25260.0,60/1,2026-06-03 14:44:39,OK
3,20260603 141031,14,3,720,3,01:48,448×236,10.9,10947.0,60/1,2026-06-03 14:44:39,OK
3,20260603 141031,14,3,720,2,02:08,294×154,7.2,25487.0,60/1,2026-06-03 14:44:39,OK
3,20260603 141031,14,4,720,5,00:01,4096×2160,100.0,12627.0,60/1,2026-06-03 14:47:16,OK
3,20260603 141031,14,4,720,4,01:12,936×494,22.9,23949.0,60/1,2026-06-03 14:47:16,OK
3,20260603 141031,14,4,720,3,01:44,496×262,12.2,17190.0,60/1,2026-06-03 14:47:16,OK
3,20260603 141031,14,4,720,2,02:29,192×100,4.7,22937.0,60/1,2026-06-03 14:47:16,OK
3,20260603 141031,15,1,1080,5,00:00,4096×2160,100.0,23413.0,60/1,2026-06-03 14:28:40,OK
3,20260603 141031,15,1,1080,4,00:44,1762×928,43.0,9951.0,60/1,2026-06-03 14:28:40,OK
3,20260603 141031,15,1,1080,3,01:05,1040×548,25.4,9801.0,60/1,2026-06-03 14:28:40,OK
3,20260603 141031,15,1,1080,2,01:43,496×262,12.2,17235.0,60/1,2026-06-03 14:28:40,OK
3,20260603 141031,15,2,1080,5,00:00,4096×2160,100.0,11447.0,60/1,2026-06-03 14:31:19,OK
3,20260603 141031,15,2,1080,4,01:23,758×400,18.5,15131.0,60/1,2026-06-03 14:31:19,OK
3,20260603 141031,15,2,1080,3,01:57,362×190,8.9,9113.0,60/1,2026-06-03 14:31:19,OK
3,20260603 141031,15,2,1080,2,02:21,214×112,5.2,19423.0,60/1,2026-06-03 14:31:19,OK
3,20260603 141031,15,3,1080,5,00:00,4096×2160,100.0,16232.0,60/1,2026-06-03 14:33:56,OK
3,20260603 141031,15,3,1080,4,00:57,1284×676,31.4,24822.0,60/1,2026-06-03 14:33:56,OK
3,20260603 141031,15,3,1080,3,01:26,682×360,16.7,25260.0,60/1,2026-06-03 14:33:56,OK
3,20260603 141031,15,3,1080,2,02:03,326×172,8.0,21322.0,60/1,2026-06-03 14:33:56,OK
3,20260603 141031,15,4,1080,5,00:03,4096×2160,100.0,12627.0,60/1,2026-06-03 14:36:34,OK
3,20260603 141031,15,4,1080,4,01:10,936×494,22.9,23949.0,60/1,2026-06-03 14:36:34,OK
3,20260603 141031,15,4,1080,3,01:37,552×290,13.5,9535.0,60/1,2026-06-03 14:36:34,OK
3,20260603 141031,15,4,1080,2,02:10,264×138,6.5,13414.0,60/1,2026-06-03 14:36:34,OK
3,20260603 141031,15,1,4K,5,00:00,4096×2160,100.0,23413.0,60/1,2026-06-03 14:17:55,OK
3,20260603 141031,15,1,4K,4,00:27,2418×1274,59.0,11957.0,60/1,2026-06-03 14:17:55,OK
3,20260603 141031,15,1,4K,3,01:03,1156×610,28.2,10810.0,60/1,2026-06-03 14:17:55,OK
3,20260603 141031,15,1,4K,2,01:25,682×360,16.7,26395.0,60/1,2026-06-03 14:17:55,OK
3,20260603 141031,15,2,4K,5,00:35,1958×1032,47.8,25912.0,60/1,2026-06-03 14:20:34,"Исключено: MOS=5 нажат поздно (00:35, 47.8%)"
3,20260603 141031,15,2,4K,4,01:19,842×444,20.6,14914.0,60/1,2026-06-03 14:20:34,OK
3,20260603 141031,15,2,4K,3,01:43,496×262,12.2,10850.0,60/1,2026-06-03 14:20:34,OK
3,20260603 141031,15,2,4K,2,02:05,294×154,7.2,11643.0,60/1,2026-06-03 14:20:34,OK
3,20260603 141031,15,3,4K,5,00:00,4096×2160,100.0,16232.0,60/1,2026-06-03 14:23:12,OK
3,20260603 141031,15,3,4K,4,01:21,758×400,18.5,18989.0,60/1,2026-06-03 14:23:12,OK
3,20260603 141031,15,3,4K,3,01:40,496×262,12.2,9763.0,60/1,2026-06-03 14:23:12,OK
3,20260603 141031,15,3,4K,2,01:57,362×190,8.9,11340.0,60/1,2026-06-03 14:23:12,OK
3,20260603 141031,15,4,4K,5,00:05,3686×1944,90.0,11285.0,60/1,2026-06-03 14:25:50,OK
3,20260603 141031,15,4,4K,4,01:22,758×400,18.5,13543.0,60/1,2026-06-03 14:25:50,OK
3,20260603 141031,15,4,4K,3,01:42,496×262,12.2,17190.0,60/1,2026-06-03 14:25:50,OK
3,20260603 141031,15,4,4K,2,01:57,362×190,8.9,15040.0,60/1,2026-06-03 14:25:50,OK
3,20260603 141031,15,1,720,5,00:01,4096×2160,100.0,23413.0,60/1,2026-06-03 14:39:22,OK
3,20260603 141031,15,1,720,4,00:26,2418×1274,59.0,11957.0,60/1,2026-06-03 14:39:22,OK
3,20260603 141031,15,1,720,3,01:23,758×400,18.5,21269.0,60/1,2026-06-03 14:39:22,OK
3,20260603 141031,15,1,720,2,01:46,448×236,10.9,20553.0,60/1,2026-06-03 14:39:22,OK
3,20260603 141031,15,2,720,5,00:01,4096×2160,100.0,11447.0,60/1,2026-06-03 14:42:00,OK
3,20260603 141031,15,2,720,4,01:25,682×360,16.7,19254.0,60/1,2026-06-03 14:42:00,OK
3,20260603 141031,15,2,720,3,02:01,326×172,8.0,8000.0,60/1,2026-06-03 14:42:00,OK
3,20260603 141031,15,2,720,2,02:21,214×112,5.2,19423.0,60/1,2026-06-03 14:42:00,OK
3,20260603 141031,15,3,720,5,00:00,4096×2160,100.0,16232.0,60/1,2026-06-03 14:44:39,OK
3,20260603 141031,15,3,720,4,01:21,758×400,18.5,18989.0,60/1,2026-06-03 14:44:39,OK
3,20260603 141031,15,3,720,3,01:51,402×212,9.8,13771.0,60/1,2026-06-03 14:44:39,OK
3,20260603 141031,15,3,720,2,02:04,326×172,8.0,21322.0,60/1,2026-06-03 14:44:39,OK
3,20260603 141031,15,4,720,5,00:01,4096×2160,100.0,12627.0,60/1,2026-06-03 14:47:16,OK
3,20260603 141031,15,4,720,4,01:32,614×324,15.0,14254.0,60/1,2026-06-03 14:47:16,OK
3,20260603 141031,15,4,720,3,01:47,448×236,10.9,23119.0,60/1,2026-06-03 14:47:16,OK
3,20260603 141031,15,4,720,2,02:10,264×138,6.5,13414.0,60/1,2026-06-03 14:47:16,OK
3,20260603 141031,16,1,1080,5,00:01,4096×2160,100.0,23413.0,60/1,2026-06-03 14:28:40,OK
3,20260603 141031,16,1,1080,4,00:02,4096×2160,100.0,23413.0,60/1,2026-06-03 14:28:40,"Исключено: нажатие до деградации (MOS=4, 00:02, 100.0%)"
3,20260603 141031,16,1,1080,3,01:43,496×262,12.2,17235.0,60/1,2026-06-03 14:28:40,OK
3,20260603 141031,16,1,1080,2,02:22,214×112,5.2,11782.0,60/1,2026-06-03 14:28:40,OK
3,20260603 141031,16,2,1080,5,00:01,4096×2160,100.0,11447.0,60/1,2026-06-03 14:31:19,OK
3,20260603 141031,16,2,1080,4,01:02,1156×610,28.2,20695.0,60/1,2026-06-03 14:31:19,OK
3,20260603 141031,16,2,1080,3,02:03,326×172,8.0,8000.0,60/1,2026-06-03 14:31:19,OK
3,20260603 141031,16,2,1080,2,02:10,264×138,6.5,11925.0,60/1,2026-06-03 14:31:19,OK
3,20260603 141031,16,3,1080,5,00:02,4096×2160,100.0,16232.0,60/1,2026-06-03 14:33:56,OK
3,20260603 141031,16,3,1080,4,01:22,758×400,18.5,18989.0,60/1,2026-06-03 14:33:56,OK
3,20260603 141031,16,3,1080,3,02:02,326×172,8.0,21322.0,60/1,2026-06-03 14:33:56,OK
3,20260603 141031,16,3,1080,2,02:23,214×112,5.2,10297.0,60/1,2026-06-03 14:33:56,OK
3,20260603 141031,16,4,1080,5,00:01,4096×2160,100.0,12627.0,60/1,2026-06-03 14:36:34,OK
3,20260603 141031,16,4,1080,4,01:06,1040×548,25.4,20038.0,60/1,2026-06-03 14:36:34,OK
3,20260603 141031,16,4,1080,3,01:40,496×262,12.2,17190.0,60/1,2026-06-03 14:36:34,OK
3,20260603 141031,16,4,1080,2,02:19,238×124,5.8,11239.0,60/1,2026-06-03 14:36:34,OK
3,20260603 141031,16,1,4K,5,00:00,4096×2160,100.0,23413.0,60/1,2026-06-03 14:17:55,OK
3,20260603 141031,16,1,4K,4,00:45,1586×836,38.7,10961.0,60/1,2026-06-03 14:17:55,OK
3,20260603 141031,16,1,4K,3,01:22,758×400,18.5,21269.0,60/1,2026-06-03 14:17:55,OK
3,20260603 141031,16,1,4K,2,02:22,214×112,5.2,11782.0,60/1,2026-06-03 14:17:55,OK
3,20260603 141031,16,2,4K,5,00:01,4096×2160,100.0,11447.0,60/1,2026-06-03 14:20:34,OK
3,20260603 141031,16,2,4K,4,01:10,936×494,22.9,20981.0,60/1,2026-06-03 14:20:34,OK
3,20260603 141031,16,2,4K,3,01:44,496×262,12.2,10850.0,60/1,2026-06-03 14:20:34,OK
3,20260603 141031,16,2,4K,2,02:10,264×138,6.5,11925.0,60/1,2026-06-03 14:20:34,OK
3,20260603 141031,16,3,4K,5,00:01,4096×2160,100.0,16232.0,60/1,2026-06-03 14:23:12,OK
3,20260603 141031,16,3,4K,4,01:22,758×400,18.5,18989.0,60/1,2026-06-03 14:23:12,OK
3,20260603 141031,16,3,4K,3,01:45,448×236,10.9,10947.0,60/1,2026-06-03 14:23:12,OK
3,20260603 141031,16,3,4K,2,02:20,214×112,5.2,10297.0,60/1,2026-06-03 14:23:12,OK
3,20260603 141031,16,4,4K,5,00:01,4096×2160,100.0,12627.0,60/1,2026-06-03 14:25:50,OK
3,20260603 141031,16,4,4K,4,01:03,1156×610,28.2,15303.0,60/1,2026-06-03 14:25:50,OK
3,20260603 141031,16,4,4K,3,01:42,496×262,12.2,17190.0,60/1,2026-06-03 14:25:50,OK
3,20260603 141031,16,4,4K,2,02:08,294×154,7.2,11770.0,60/1,2026-06-03 14:25:50,OK
3,20260603 141031,16,1,720,5,00:01,4096×2160,100.0,23413.0,60/1,2026-06-03 14:39:22,OK
3,20260603 141031,16,1,720,4,00:47,1586×836,38.7,10961.0,60/1,2026-06-03 14:39:22,OK
3,20260603 141031,16,1,720,3,01:44,496×262,12.2,17235.0,60/1,2026-06-03 14:39:22,OK
3,20260603 141031,16,1,720,2,02:03,326×172,8.0,19666.0,60/1,2026-06-03 14:39:22,OK
3,20260603 141031,16,2,720,5,00:00,4096×2160,100.0,11447.0,60/1,2026-06-03 14:42:00,OK
3,20260603 141031,16,2,720,4,01:22,758×400,18.5,15131.0,60/1,2026-06-03 14:42:00,OK
3,20260603 141031,16,2,720,3,01:45,448×236,10.9,9556.0,60/1,2026-06-03 14:42:00,OK
3,20260603 141031,16,2,720,2,02:21,214×112,5.2,19423.0,60/1,2026-06-03 14:42:00,OK
3,20260603 141031,16,3,720,5,00:00,4096×2160,100.0,16232.0,60/1,2026-06-03 14:44:39,OK
3,20260603 141031,16,3,720,4,00:00,4096×2160,100.0,16232.0,60/1,2026-06-03 14:44:39,"Исключено: нажатие до деградации (MOS=4, 00:00, 100.0%)"
3,20260603 141031,16,3,720,3,01:43,496×262,12.2,9763.0,60/1,2026-06-03 14:44:39,OK
3,20260603 141031,16,3,720,2,01:43,496×262,12.2,9763.0,60/1,2026-06-03 14:44:39,OK
3,20260603 141031,16,4,720,5,00:01,4096×2160,100.0,12627.0,60/1,2026-06-03 14:47:16,OK
3,20260603 141031,16,4,720,4,01:14,936×494,22.9,23949.0,60/1,2026-06-03 14:47:16,OK
3,20260603 141031,16,4,720,3,01:43,496×262,12.2,17190.0,60/1,2026-06-03 14:47:16,OK
3,20260603 141031,16,4,720,2,02:05,294×154,7.2,11770.0,60/1,2026-06-03 14:47:16,OK
3,20260603 141031,17,1,1080,5,00:00,4096×2160,100.0,23413.0,60/1,2026-06-03 14:28:40,OK
3,20260603 141031,17,1,1080,4,01:07,1040×548,25.4,9801.0,60/1,2026-06-03 14:28:40,OK
3,20260603 141031,17,1,1080,3,01:49,448×236,10.9,20553.0,60/1,2026-06-03 14:28:40,OK
3,20260603 141031,17,1,1080,2,02:22,214×112,5.2,11782.0,60/1,2026-06-03 14:28:40,OK
3,20260603 141031,17,2,1080,5,00:00,4096×2160,100.0,11447.0,60/1,2026-06-03 14:31:19,OK
3,20260603 141031,17,2,1080,4,01:39,552×290,13.5,22781.0,60/1,2026-06-03 14:31:19,OK
3,20260603 141031,17,2,1080,3,02:01,326×172,8.0,8000.0,60/1,2026-06-03 14:31:19,OK
3,20260603 141031,17,2,1080,2,02:21,214×112,5.2,19423.0,60/1,2026-06-03 14:31:19,OK
3,20260603 141031,17,3,1080,5,00:00,4096×2160,100.0,16232.0,60/1,2026-06-03 14:33:56,OK
3,20260603 141031,17,3,1080,4,01:21,758×400,18.5,18989.0,60/1,2026-06-03 14:33:56,OK
3,20260603 141031,17,3,1080,3,02:01,326×172,8.0,21322.0,60/1,2026-06-03 14:33:56,OK
3,20260603 141031,17,3,1080,2,02:21,214×112,5.2,10297.0,60/1,2026-06-03 14:33:56,OK
3,20260603 141031,17,4,1080,5,00:01,4096×2160,100.0,12627.0,60/1,2026-06-03 14:36:34,OK
3,20260603 141031,17,4,1080,4,00:44,1762×928,43.0,9345.0,60/1,2026-06-03 14:36:34,OK
3,20260603 141031,17,4,1080,3,01:53,402×212,9.8,21000.0,60/1,2026-06-03 14:36:34,OK
3,20260603 141031,17,4,1080,2,02:21,214×112,5.2,15853.0,60/1,2026-06-03 14:36:34,OK
3,20260603 141031,17,1,4K,5,00:00,4096×2160,100.0,23413.0,60/1,2026-06-03 14:17:55,OK
3,20260603 141031,17,1,4K,4,00:00,4096×2160,100.0,23413.0,60/1,2026-06-03 14:17:55,"Исключено: нажатие до деградации (MOS=4, 00:00, 100.0%)"
3,20260603 141031,17,1,4K,3,00:42,1762×928,43.0,9951.0,60/1,2026-06-03 14:17:55,OK
3,20260603 141031,17,1,4K,2,02:22,214×112,5.2,11782.0,60/1,2026-06-03 14:17:55,OK
3,20260603 141031,17,2,4K,5,00:00,4096×2160,100.0,11447.0,60/1,2026-06-03 14:20:34,OK
3,20260603 141031,17,2,4K,4,01:16,842×444,20.6,14914.0,60/1,2026-06-03 14:20:34,OK
3,20260603 141031,17,2,4K,3,01:42,496×262,12.2,10850.0,60/1,2026-06-03 14:20:34,OK
3,20260603 141031,17,2,4K,2,02:01,326×172,8.0,8000.0,60/1,2026-06-03 14:20:34,OK
3,20260603 141031,17,3,4K,5,00:00,4096×2160,100.0,16232.0,60/1,2026-06-03 14:23:12,OK
3,20260603 141031,17,3,4K,4,01:22,758×400,18.5,18989.0,60/1,2026-06-03 14:23:12,OK
3,20260603 141031,17,3,4K,3,01:46,448×236,10.9,10947.0,60/1,2026-06-03 14:23:12,OK
3,20260603 141031,17,3,4K,2,02:20,214×112,5.2,10297.0,60/1,2026-06-03 14:23:12,OK
3,20260603 141031,17,4,4K,5,00:00,4096×2160,100.0,12627.0,60/1,2026-06-03 14:25:50,OK
3,20260603 141031,17,4,4K,4,01:22,758×400,18.5,13543.0,60/1,2026-06-03 14:25:50,OK
3,20260603 141031,17,4,4K,3,01:41,496×262,12.2,17190.0,60/1,2026-06-03 14:25:50,OK
3,20260603 141031,17,4,4K,2,02:21,214×112,5.2,15853.0,60/1,2026-06-03 14:25:50,OK
3,20260603 141031,17,1,720,5,00:00,4096×2160,100.0,23413.0,60/1,2026-06-03 14:39:22,OK
3,20260603 141031,17,1,720,4,01:36,552×290,13.5,24340.0,60/1,2026-06-03 14:39:22,OK
3,20260603 141031,17,1,720,3,02:06,294×154,7.2,22412.0,60/1,2026-06-03 14:39:22,OK
3,20260603 141031,17,1,720,2,02:24,214×112,5.2,11782.0,60/1,2026-06-03 14:39:22,OK
3,20260603 141031,17,2,720,5,00:00,4096×2160,100.0,11447.0,60/1,2026-06-03 14:42:00,OK
3,20260603 141031,17,2,720,4,01:24,758×400,18.5,15131.0,60/1,2026-06-03 14:42:00,OK
3,20260603 141031,17,2,720,3,01:47,448×236,10.9,9556.0,60/1,2026-06-03 14:42:00,OK
3,20260603 141031,17,2,720,2,02:21,214×112,5.2,19423.0,60/1,2026-06-03 14:42:00,OK
3,20260603 141031,17,3,720,5,00:00,4096×2160,100.0,16232.0,60/1,2026-06-03 14:44:39,OK
3,20260603 141031,17,3,720,4,01:28,682×360,16.7,25260.0,60/1,2026-06-03 14:44:39,OK
3,20260603 141031,17,3,720,3,01:50,402×212,9.8,13771.0,60/1,2026-06-03 14:44:39,OK
3,20260603 141031,17,3,720,2,02:21,214×112,5.2,10297.0,60/1,2026-06-03 14:44:39,OK
3,20260603 141031,17,4,720,5,00:00,4096×2160,100.0,12627.0,60/1,2026-06-03 14:47:16,OK
3,20260603 141031,17,4,720,4,01:34,614×324,15.0,14254.0,60/1,2026-06-03 14:47:16,OK
3,20260603 141031,17,4,720,3,01:53,402×212,9.8,21000.0,60/1,2026-06-03 14:47:16,OK
3,20260603 141031,17,4,720,2,02:21,214×112,5.2,15853.0,60/1,2026-06-03 14:47:16,OK
3,20260603 141031,18,1,1080,5,00:06,3686×1944,90.0,30431.0,60/1,2026-06-03 14:28:40,OK
3,20260603 141031,18,1,1080,4,01:24,758×400,18.5,21269.0,60/1,2026-06-03 14:28:40,OK
3,20260603 141031,18,1,1080,3,01:43,496×262,12.2,17235.0,60/1,2026-06-03 14:28:40,OK
3,20260603 141031,18,1,1080,2,02:22,214×112,5.2,11782.0,60/1,2026-06-03 14:28:40,OK
3,20260603 141031,18,2,1080,5,00:04,4096×2160,100.0,11447.0,60/1,2026-06-03 14:31:19,OK
3,20260603 141031,18,2,1080,4,00:53,1428×752,34.9,15292.0,60/1,2026-06-03 14:31:19,OK
3,20260603 141031,18,2,1080,3,01:21,758×400,18.5,15131.0,60/1,2026-06-03 14:31:19,OK
3,20260603 141031,18,2,1080,2,02:02,326×172,8.0,8000.0,60/1,2026-06-03 14:31:19,OK
3,20260603 141031,18,3,1080,5,00:03,4096×2160,100.0,16232.0,60/1,2026-06-03 14:33:56,OK
3,20260603 141031,18,3,1080,4,01:00,1156×610,28.2,8753.0,60/1,2026-06-03 14:33:56,OK
3,20260603 141031,18,3,1080,3,01:21,758×400,18.5,18989.0,60/1,2026-06-03 14:33:56,OK
3,20260603 141031,18,3,1080,2,02:04,326×172,8.0,21322.0,60/1,2026-06-03 14:33:56,OK
3,20260603 141031,18,4,1080,5,00:08,3686×1944,90.0,11285.0,60/1,2026-06-03 14:36:34,OK
3,20260603 141031,18,4,1080,4,00:48,1586×836,38.7,11552.0,60/1,2026-06-03 14:36:34,OK
3,20260603 141031,18,4,1080,3,01:24,758×400,18.5,13543.0,60/1,2026-06-03 14:36:34,OK
3,20260603 141031,18,4,1080,2,01:45,448×236,10.9,23119.0,60/1,2026-06-03 14:36:34,OK
3,20260603 141031,18,1,4K,5,00:00,4096×2160,100.0,23413.0,60/1,2026-06-03 14:17:55,OK
3,20260603 141031,18,1,4K,4,02:00,326×172,8.0,19666.0,60/1,2026-06-03 14:17:55,OK
3,20260603 141031,18,1,4K,3,02:24,214×112,5.2,11782.0,60/1,2026-06-03 14:17:55,OK
3,20260603 141031,18,1,4K,2,,,,,,2026-06-03 14:17:55,Исключено: нет данных
3,20260603 141031,18,2,4K,5,00:08,3686×1944,90.0,11912.0,60/1,2026-06-03 14:20:34,OK
3,20260603 141031,18,2,4K,4,01:23,758×400,18.5,15131.0,60/1,2026-06-03 14:20:34,OK
3,20260603 141031,18,2,4K,3,01:46,448×236,10.9,9556.0,60/1,2026-06-03 14:20:34,OK
3,20260603 141031,18,2,4K,2,02:29,192×100,4.7,23167.0,60/1,2026-06-03 14:20:34,OK
3,20260603 141031,18,3,4K,5,00:13,3316×1748,81.0,24692.0,60/1,2026-06-03 14:23:12,OK
3,20260603 141031,18,3,4K,4,01:22,758×400,18.5,18989.0,60/1,2026-06-03 14:23:12,OK
3,20260603 141031,18,3,4K,3,01:46,448×236,10.9,10947.0,60/1,2026-06-03 14:23:12,OK
3,20260603 141031,18,3,4K,2,02:26,192×100,4.7,9735.0,60/1,2026-06-03 14:23:12,OK
3,20260603 141031,18,4,4K,5,00:03,4096×2160,100.0,12627.0,60/1,2026-06-03 14:25:50,OK
3,20260603 141031,18,4,4K,4,00:56,1284×676,31.4,9145.0,60/1,2026-06-03 14:25:50,OK
3,20260603 141031,18,4,4K,3,01:37,552×290,13.5,9535.0,60/1,2026-06-03 14:25:50,OK
3,20260603 141031,18,4,4K,2,02:10,264×138,6.5,13414.0,60/1,2026-06-03 14:25:50,OK
3,20260603 141031,18,1,720,5,00:09,3686×1944,90.0,30431.0,60/1,2026-06-03 14:39:22,OK
3,20260603 141031,18,1,720,4,00:44,1762×928,43.0,9951.0,60/1,2026-06-03 14:39:22,OK
3,20260603 141031,18,1,720,3,01:45,448×236,10.9,20553.0,60/1,2026-06-03 14:39:22,OK
3,20260603 141031,18,1,720,2,02:27,192×100,4.7,11247.0,60/1,2026-06-03 14:39:22,OK
3,20260603 141031,18,2,720,5,00:05,3686×1944,90.0,11912.0,60/1,2026-06-03 14:42:00,OK
3,20260603 141031,18,2,720,4,01:06,1040×548,25.4,26503.0,60/1,2026-06-03 14:42:00,OK
3,20260603 141031,18,2,720,3,02:01,326×172,8.0,8000.0,60/1,2026-06-03 14:42:00,OK
3,20260603 141031,18,2,720,2,02:23,214×112,5.2,19423.0,60/1,2026-06-03 14:42:00,OK
3,20260603 141031,18,3,720,5,00:02,4096×2160,100.0,16232.0,60/1,2026-06-03 14:44:39,OK
3,20260603 141031,18,3,720,4,01:07,1040×548,25.4,11430.0,60/1,2026-06-03 14:44:39,OK
3,20260603 141031,18,3,720,3,01:42,496×262,12.2,9763.0,60/1,2026-06-03 14:44:39,OK
3,20260603 141031,18,3,720,2,02:14,264×138,6.5,28155.0,60/1,2026-06-03 14:44:39,OK
3,20260603 141031,18,4,720,5,00:13,3316×1748,81.0,9284.0,60/1,2026-06-03 14:47:16,OK
3,20260603 141031,18,4,720,4,00:54,1428×752,34.9,11935.0,60/1,2026-06-03 14:47:16,OK
3,20260603 141031,18,4,720,3,01:35,552×290,13.5,9535.0,60/1,2026-06-03 14:47:16,OK
3,20260603 141031,18,4,720,2,02:02,326×172,8.0,10546.0,60/1,2026-06-03 14:47:16,OK
4,20260603 145029,19,1,1080,5,00:02,4096×2160,100.0,23413.0,60/1,2026-06-03 15:10:21,OK
4,20260603 145029,19,1,1080,4,00:46,1586×836,38.7,10961.0,60/1,2026-06-03 15:10:21,OK
4,20260603 145029,19,1,1080,3,01:33,614×324,15.0,29472.0,60/1,2026-06-03 15:10:21,OK
4,20260603 145029,19,1,1080,2,02:21,214×112,5.2,11782.0,60/1,2026-06-03 15:10:21,OK
4,20260603 145029,19,2,1080,5,00:02,4096×2160,100.0,11447.0,60/1,2026-06-03 15:13:00,OK
4,20260603 145029,19,2,1080,4,01:02,1156×610,28.2,20695.0,60/1,2026-06-03 15:13:00,OK
4,20260603 145029,19,2,1080,3,01:43,496×262,12.2,10850.0,60/1,2026-06-03 15:13:00,OK
4,20260603 145029,19,2,1080,2,02:21,214×112,5.2,19423.0,60/1,2026-06-03 15:13:00,OK
4,20260603 145029,19,3,1080,5,00:01,4096×2160,100.0,16232.0,60/1,2026-06-03 15:15:39,OK
4,20260603 145029,19,3,1080,4,01:03,1156×610,28.2,8753.0,60/1,2026-06-03 15:15:39,OK
4,20260603 145029,19,3,1080,3,01:46,448×236,10.9,10947.0,60/1,2026-06-03 15:15:39,OK
4,20260603 145029,19,3,1080,2,02:22,214×112,5.2,10297.0,60/1,2026-06-03 15:15:39,OK
4,20260603 145029,19,4,1080,5,00:02,4096×2160,100.0,12627.0,60/1,2026-06-03 15:18:18,OK
4,20260603 145029,19,4,1080,4,01:01,1156×610,28.2,15303.0,60/1,2026-06-03 15:18:18,OK
4,20260603 145029,19,4,1080,3,01:40,496×262,12.2,17190.0,60/1,2026-06-03 15:18:18,OK
4,20260603 145029,19,4,1080,2,02:18,238×124,5.8,11239.0,60/1,2026-06-03 15:18:18,OK
4,20260603 145029,19,1,4K,5,00:00,4096×2160,100.0,23413.0,60/1,2026-06-03 14:59:38,OK
4,20260603 145029,19,1,4K,4,01:02,1156×610,28.2,10810.0,60/1,2026-06-03 14:59:38,OK
4,20260603 145029,19,1,4K,3,01:29,682×360,16.7,26395.0,60/1,2026-06-03 14:59:38,OK
4,20260603 145029,19,1,4K,2,02:03,326×172,8.0,19666.0,60/1,2026-06-03 14:59:38,OK
4,20260603 145029,19,2,4K,5,00:05,3686×1944,90.0,11912.0,60/1,2026-06-03 15:02:16,OK
4,20260603 145029,19,2,4K,4,01:14,936×494,22.9,20981.0,60/1,2026-06-03 15:02:16,OK
4,20260603 145029,19,2,4K,3,02:02,326×172,8.0,8000.0,60/1,2026-06-03 15:02:16,OK
4,20260603 145029,19,2,4K,2,02:22,214×112,5.2,19423.0,60/1,2026-06-03 15:02:16,OK
4,20260603 145029,19,3,4K,5,00:01,4096×2160,100.0,16232.0,60/1,2026-06-03 15:04:54,OK
4,20260603 145029,19,3,4K,4,01:21,758×400,18.5,18989.0,60/1,2026-06-03 15:04:54,OK
4,20260603 145029,19,3,4K,3,01:43,496×262,12.2,9763.0,60/1,2026-06-03 15:04:54,OK
4,20260603 145029,19,3,4K,2,02:20,214×112,5.2,10297.0,60/1,2026-06-03 15:04:54,OK
4,20260603 145029,19,4,4K,5,00:02,4096×2160,100.0,12627.0,60/1,2026-06-03 15:07:31,OK
4,20260603 145029,19,4,4K,4,01:10,936×494,22.9,23949.0,60/1,2026-06-03 15:07:31,OK
4,20260603 145029,19,4,4K,3,01:41,496×262,12.2,17190.0,60/1,2026-06-03 15:07:31,OK
4,20260603 145029,19,4,4K,2,02:17,238×124,5.8,11239.0,60/1,2026-06-03 15:07:31,OK
4,20260603 145029,19,1,720,5,00:02,4096×2160,100.0,23413.0,60/1,2026-06-03 15:21:10,OK
4,20260603 145029,19,1,720,4,01:02,1156×610,28.2,10810.0,60/1,2026-06-03 15:21:10,OK
4,20260603 145029,19,1,720,3,02:02,326×172,8.0,19666.0,60/1,2026-06-03 15:21:10,OK
4,20260603 145029,19,1,720,2,02:23,214×112,5.2,11782.0,60/1,2026-06-03 15:21:10,OK
4,20260603 145029,19,2,720,5,00:02,4096×2160,100.0,11447.0,60/1,2026-06-03 15:23:53,OK
4,20260603 145029,19,2,720,4,01:01,1156×610,28.2,20695.0,60/1,2026-06-03 15:23:53,OK
4,20260603 145029,19,2,720,3,02:02,326×172,8.0,8000.0,60/1,2026-06-03 15:23:53,OK
4,20260603 145029,19,2,720,2,02:22,214×112,5.2,19423.0,60/1,2026-06-03 15:23:53,OK
4,20260603 145029,19,3,720,5,00:01,4096×2160,100.0,16232.0,60/1,2026-06-03 15:26:34,OK
4,20260603 145029,19,3,720,4,01:01,1156×610,28.2,8753.0,60/1,2026-06-03 15:26:34,OK
4,20260603 145029,19,3,720,3,01:41,496×262,12.2,9763.0,60/1,2026-06-03 15:26:34,OK
4,20260603 145029,19,3,720,2,02:21,214×112,5.2,10297.0,60/1,2026-06-03 15:26:34,OK
4,20260603 145029,19,4,720,5,00:01,4096×2160,100.0,12627.0,60/1,2026-06-03 15:29:12,OK
4,20260603 145029,19,4,720,4,00:52,1428×752,34.9,11935.0,60/1,2026-06-03 15:29:12,OK
4,20260603 145029,19,4,720,3,01:36,552×290,13.5,9535.0,60/1,2026-06-03 15:29:12,OK
4,20260603 145029,19,4,720,2,02:21,214×112,5.2,15853.0,60/1,2026-06-03 15:29:12,OK
4,20260603 145029,20,1,1080,5,00:02,4096×2160,100.0,23413.0,60/1,2026-06-03 15:10:21,OK
4,20260603 145029,20,1,1080,4,00:43,1762×928,43.0,9951.0,60/1,2026-06-03 15:10:21,OK
4,20260603 145029,20,1,1080,3,01:28,682×360,16.7,26395.0,60/1,2026-06-03 15:10:21,OK
4,20260603 145029,20,1,1080,2,02:04,326×172,8.0,19666.0,60/1,2026-06-03 15:10:21,OK
4,20260603 145029,20,2,1080,5,00:03,4096×2160,100.0,11447.0,60/1,2026-06-03 15:13:00,OK
4,20260603 145029,20,2,1080,4,01:21,758×400,18.5,15131.0,60/1,2026-06-03 15:13:00,OK
4,20260603 145029,20,2,1080,3,02:01,326×172,8.0,8000.0,60/1,2026-06-03 15:13:00,OK
4,20260603 145029,20,2,1080,2,02:21,214×112,5.2,19423.0,60/1,2026-06-03 15:13:00,OK
4,20260603 145029,20,3,1080,5,00:01,4096×2160,100.0,16232.0,60/1,2026-06-03 15:15:39,OK
4,20260603 145029,20,3,1080,4,01:09,1040×548,25.4,11430.0,60/1,2026-06-03 15:15:39,OK
4,20260603 145029,20,3,1080,3,01:47,448×236,10.9,10947.0,60/1,2026-06-03 15:15:39,OK
4,20260603 145029,20,3,1080,2,02:23,214×112,5.2,10297.0,60/1,2026-06-03 15:15:39,OK
4,20260603 145029,20,4,1080,5,00:01,4096×2160,100.0,12627.0,60/1,2026-06-03 15:18:18,OK
4,20260603 145029,20,4,1080,4,01:21,758×400,18.5,13543.0,60/1,2026-06-03 15:18:18,OK
4,20260603 145029,20,4,1080,3,02:01,326×172,8.0,10546.0,60/1,2026-06-03 15:18:18,OK
4,20260603 145029,20,4,1080,2,02:23,214×112,5.2,15853.0,60/1,2026-06-03 15:18:18,OK
4,20260603 145029,20,1,4K,5,00:00,4096×2160,100.0,23413.0,60/1,2026-06-03 14:59:38,OK
4,20260603 145029,20,1,4K,4,01:05,1040×548,25.4,9801.0,60/1,2026-06-03 14:59:38,OK
4,20260603 145029,20,1,4K,3,01:31,614×324,15.0,29472.0,60/1,2026-06-03 14:59:38,OK
4,20260603 145029,20,1,4K,2,02:05,294×154,7.2,22412.0,60/1,2026-06-03 14:59:38,OK
4,20260603 145029,20,2,4K,5,00:06,3686×1944,90.0,11912.0,60/1,2026-06-03 15:02:16,OK
4,20260603 145029,20,2,4K,4,01:19,842×444,20.6,14914.0,60/1,2026-06-03 15:02:16,OK
4,20260603 145029,20,2,4K,3,02:01,326×172,8.0,8000.0,60/1,2026-06-03 15:02:16,OK
4,20260603 145029,20,2,4K,2,02:21,214×112,5.2,19423.0,60/1,2026-06-03 15:02:16,OK
4,20260603 145029,20,3,4K,5,00:02,4096×2160,100.0,16232.0,60/1,2026-06-03 15:04:54,OK
4,20260603 145029,20,3,4K,4,01:08,1040×548,25.4,11430.0,60/1,2026-06-03 15:04:54,OK
4,20260603 145029,20,3,4K,3,01:41,496×262,12.2,9763.0,60/1,2026-06-03 15:04:54,OK
4,20260603 145029,20,3,4K,2,02:07,294×154,7.2,25487.0,60/1,2026-06-03 15:04:54,OK
4,20260603 145029,20,4,4K,5,00:02,4096×2160,100.0,12627.0,60/1,2026-06-03 15:07:31,OK
4,20260603 145029,20,4,4K,4,01:21,758×400,18.5,13543.0,60/1,2026-06-03 15:07:31,OK
4,20260603 145029,20,4,4K,3,01:48,448×236,10.9,23119.0,60/1,2026-06-03 15:07:31,OK
4,20260603 145029,20,4,4K,2,02:19,238×124,5.8,11239.0,60/1,2026-06-03 15:07:31,OK
4,20260603 145029,20,1,720,5,00:06,3686×1944,90.0,30431.0,60/1,2026-06-03 15:21:10,OK
4,20260603 145029,20,1,720,4,01:02,1156×610,28.2,10810.0,60/1,2026-06-03 15:21:10,OK
4,20260603 145029,20,1,720,3,01:42,496×262,12.2,17235.0,60/1,2026-06-03 15:21:10,OK
4,20260603 145029,20,1,720,2,02:21,214×112,5.2,11782.0,60/1,2026-06-03 15:21:10,OK
4,20260603 145029,20,2,720,5,00:02,4096×2160,100.0,11447.0,60/1,2026-06-03 15:23:53,OK
4,20260603 145029,20,2,720,4,01:23,758×400,18.5,15131.0,60/1,2026-06-03 15:23:53,OK
4,20260603 145029,20,2,720,3,02:01,326×172,8.0,8000.0,60/1,2026-06-03 15:23:53,OK
4,20260603 145029,20,2,720,2,02:24,214×112,5.2,19423.0,60/1,2026-06-03 15:23:53,OK
4,20260603 145029,20,3,720,5,00:02,4096×2160,100.0,16232.0,60/1,2026-06-03 15:26:34,OK
4,20260603 145029,20,3,720,4,00:42,1762×928,43.0,15010.0,60/1,2026-06-03 15:26:34,OK
4,20260603 145029,20,3,720,3,01:34,614×324,15.0,20798.0,60/1,2026-06-03 15:26:34,OK
4,20260603 145029,20,3,720,2,02:23,214×112,5.2,10297.0,60/1,2026-06-03 15:26:34,OK
4,20260603 145029,20,4,720,5,00:01,4096×2160,100.0,12627.0,60/1,2026-06-03 15:29:12,OK
4,20260603 145029,20,4,720,4,01:06,1040×548,25.4,20038.0,60/1,2026-06-03 15:29:12,OK
4,20260603 145029,20,4,720,3,01:37,552×290,13.5,9535.0,60/1,2026-06-03 15:29:12,OK
4,20260603 145029,20,4,720,2,02:21,214×112,5.2,15853.0,60/1,2026-06-03 15:29:12,OK
4,20260603 145029,21,1,1080,5,00:02,4096×2160,100.0,23413.0,60/1,2026-06-03 15:10:21,OK
4,20260603 145029,21,1,1080,4,01:03,1156×610,28.2,10810.0,60/1,2026-06-03 15:10:21,OK
4,20260603 145029,21,1,1080,3,01:46,448×236,10.9,20553.0,60/1,2026-06-03 15:10:21,OK
4,20260603 145029,21,1,1080,2,02:04,326×172,8.0,19666.0,60/1,2026-06-03 15:10:21,OK
4,20260603 145029,21,2,1080,5,00:01,4096×2160,100.0,11447.0,60/1,2026-06-03 15:13:00,OK
4,20260603 145029,21,2,1080,4,01:14,936×494,22.9,20981.0,60/1,2026-06-03 15:13:00,OK
4,20260603 145029,21,2,1080,3,01:46,448×236,10.9,9556.0,60/1,2026-06-03 15:13:00,OK
4,20260603 145029,21,2,1080,2,02:07,294×154,7.2,11643.0,60/1,2026-06-03 15:13:00,OK
4,20260603 145029,21,3,1080,5,00:01,4096×2160,100.0,16232.0,60/1,2026-06-03 15:15:39,OK
4,20260603 145029,21,3,1080,4,01:21,758×400,18.5,18989.0,60/1,2026-06-03 15:15:39,OK
4,20260603 145029,21,3,1080,3,02:02,326×172,8.0,21322.0,60/1,2026-06-03 15:15:39,OK
4,20260603 145029,21,3,1080,2,02:21,214×112,5.2,10297.0,60/1,2026-06-03 15:15:39,OK
4,20260603 145029,21,4,1080,5,00:02,4096×2160,100.0,12627.0,60/1,2026-06-03 15:18:18,OK
4,20260603 145029,21,4,1080,4,01:22,758×400,18.5,13543.0,60/1,2026-06-03 15:18:18,OK
4,20260603 145029,21,4,1080,3,01:57,362×190,8.9,15040.0,60/1,2026-06-03 15:18:18,OK
4,20260603 145029,21,4,1080,2,02:21,214×112,5.2,15853.0,60/1,2026-06-03 15:18:18,OK
4,20260603 145029,21,1,4K,5,00:00,4096×2160,100.0,23413.0,60/1,2026-06-03 14:59:38,OK
4,20260603 145029,21,1,4K,4,01:02,1156×610,28.2,10810.0,60/1,2026-06-03 14:59:38,OK
4,20260603 145029,21,1,4K,3,01:46,448×236,10.9,20553.0,60/1,2026-06-03 14:59:38,OK
4,20260603 145029,21,1,4K,2,02:25,192×100,4.7,11247.0,60/1,2026-06-03 14:59:38,OK
4,20260603 145029,21,2,4K,5,00:02,4096×2160,100.0,11447.0,60/1,2026-06-03 15:02:16,OK
4,20260603 145029,21,2,4K,4,01:19,842×444,20.6,14914.0,60/1,2026-06-03 15:02:16,OK
4,20260603 145029,21,2,4K,3,02:01,326×172,8.0,8000.0,60/1,2026-06-03 15:02:16,OK
4,20260603 145029,21,2,4K,2,02:22,214×112,5.2,19423.0,60/1,2026-06-03 15:02:16,OK
4,20260603 145029,21,3,4K,5,00:01,4096×2160,100.0,16232.0,60/1,2026-06-03 15:04:54,OK
4,20260603 145029,21,3,4K,4,01:07,1040×548,25.4,11430.0,60/1,2026-06-03 15:04:54,OK
4,20260603 145029,21,3,4K,3,01:41,496×262,12.2,9763.0,60/1,2026-06-03 15:04:54,OK
4,20260603 145029,21,3,4K,2,02:07,294×154,7.2,25487.0,60/1,2026-06-03 15:04:54,OK
4,20260603 145029,21,4,4K,5,00:01,4096×2160,100.0,12627.0,60/1,2026-06-03 15:07:31,OK
4,20260603 145029,21,4,4K,4,01:11,936×494,22.9,23949.0,60/1,2026-06-03 15:07:31,OK
4,20260603 145029,21,4,4K,3,01:41,496×262,12.2,17190.0,60/1,2026-06-03 15:07:31,OK
4,20260603 145029,21,4,4K,2,02:15,238×124,5.8,11239.0,60/1,2026-06-03 15:07:31,OK
4,20260603 145029,21,1,720,5,00:08,3686×1944,90.0,30431.0,60/1,2026-06-03 15:21:10,OK
4,20260603 145029,21,1,720,4,01:02,1156×610,28.2,10810.0,60/1,2026-06-03 15:21:10,OK
4,20260603 145029,21,1,720,3,01:46,448×236,10.9,20553.0,60/1,2026-06-03 15:21:10,OK
4,20260603 145029,21,1,720,2,02:22,214×112,5.2,11782.0,60/1,2026-06-03 15:21:10,OK
4,20260603 145029,21,2,720,5,00:02,4096×2160,100.0,11447.0,60/1,2026-06-03 15:23:53,OK
4,20260603 145029,21,2,720,4,01:21,758×400,18.5,15131.0,60/1,2026-06-03 15:23:53,OK
4,20260603 145029,21,2,720,3,02:01,326×172,8.0,8000.0,60/1,2026-06-03 15:23:53,OK
4,20260603 145029,21,2,720,2,02:22,214×112,5.2,19423.0,60/1,2026-06-03 15:23:53,OK
4,20260603 145029,21,3,720,5,00:01,4096×2160,100.0,16232.0,60/1,2026-06-03 15:26:34,OK
4,20260603 145029,21,3,720,4,01:38,552×290,13.5,13924.0,60/1,2026-06-03 15:26:34,OK
4,20260603 145029,21,3,720,3,02:03,326×172,8.0,21322.0,60/1,2026-06-03 15:26:34,OK
4,20260603 145029,21,3,720,2,02:22,214×112,5.2,10297.0,60/1,2026-06-03 15:26:34,OK
4,20260603 145029,21,4,720,5,00:01,4096×2160,100.0,12627.0,60/1,2026-06-03 15:29:12,OK
4,20260603 145029,21,4,720,4,00:48,1586×836,38.7,11552.0,60/1,2026-06-03 15:29:12,OK
4,20260603 145029,21,4,720,3,01:35,552×290,13.5,9535.0,60/1,2026-06-03 15:29:12,OK
4,20260603 145029,21,4,720,2,02:17,238×124,5.8,11239.0,60/1,2026-06-03 15:29:12,OK
4,20260603 145029,22,1,1080,5,00:02,4096×2160,100.0,23413.0,60/1,2026-06-03 15:10:21,OK
4,20260603 145029,22,1,1080,4,00:23,2686×1416,65.6,10061.0,60/1,2026-06-03 15:10:21,OK
4,20260603 145029,22,1,1080,3,01:27,682×360,16.7,26395.0,60/1,2026-06-03 15:10:21,OK
4,20260603 145029,22,1,1080,2,01:46,448×236,10.9,20553.0,60/1,2026-06-03 15:10:21,OK
4,20260603 145029,22,2,1080,5,00:01,4096×2160,100.0,11447.0,60/1,2026-06-03 15:13:00,OK
4,20260603 145029,22,2,1080,4,00:58,1284×676,31.4,11350.0,60/1,2026-06-03 15:13:00,OK
4,20260603 145029,22,2,1080,3,01:26,682×360,16.7,19254.0,60/1,2026-06-03 15:13:00,OK
4,20260603 145029,22,2,1080,2,02:20,214×112,5.2,19423.0,60/1,2026-06-03 15:13:00,OK
4,20260603 145029,22,3,1080,5,00:02,4096×2160,100.0,16232.0,60/1,2026-06-03 15:15:39,OK
4,20260603 145029,22,3,1080,4,01:13,936×494,22.9,10792.0,60/1,2026-06-03 15:15:39,OK
4,20260603 145029,22,3,1080,3,01:47,448×236,10.9,10947.0,60/1,2026-06-03 15:15:39,OK
4,20260603 145029,22,3,1080,2,02:04,326×172,8.0,21322.0,60/1,2026-06-03 15:15:39,OK
4,20260603 145029,22,4,1080,5,00:01,4096×2160,100.0,12627.0,60/1,2026-06-03 15:18:18,OK
4,20260603 145029,22,4,1080,4,01:27,682×360,16.7,12882.0,60/1,2026-06-03 15:18:18,OK
4,20260603 145029,22,4,1080,3,01:57,362×190,8.9,15040.0,60/1,2026-06-03 15:18:18,OK
4,20260603 145029,22,4,1080,2,02:21,214×112,5.2,15853.0,60/1,2026-06-03 15:18:18,OK
4,20260603 145029,22,1,4K,5,00:00,4096×2160,100.0,23413.0,60/1,2026-06-03 14:59:38,OK
4,20260603 145029,22,1,4K,4,00:22,2686×1416,65.6,10061.0,60/1,2026-06-03 14:59:38,OK
4,20260603 145029,22,1,4K,3,00:41,1762×928,43.0,9951.0,60/1,2026-06-03 14:59:38,OK
4,20260603 145029,22,1,4K,2,01:22,758×400,18.5,21269.0,60/1,2026-06-03 14:59:38,OK
4,20260603 145029,22,2,4K,5,00:03,4096×2160,100.0,11447.0,60/1,2026-06-03 15:02:16,OK
4,20260603 145029,22,2,4K,4,00:53,1428×752,34.9,15292.0,60/1,2026-06-03 15:02:16,OK
4,20260603 145029,22,2,4K,3,01:47,448×236,10.9,9556.0,60/1,2026-06-03 15:02:16,OK
4,20260603 145029,22,2,4K,2,02:04,326×172,8.0,8000.0,60/1,2026-06-03 15:02:16,OK
4,20260603 145029,22,3,4K,5,00:02,4096×2160,100.0,16232.0,60/1,2026-06-03 15:04:54,OK
4,20260603 145029,22,3,4K,4,01:01,1156×610,28.2,8753.0,60/1,2026-06-03 15:04:54,OK
4,20260603 145029,22,3,4K,3,01:41,496×262,12.2,9763.0,60/1,2026-06-03 15:04:54,OK
4,20260603 145029,22,3,4K,2,02:02,326×172,8.0,21322.0,60/1,2026-06-03 15:04:54,OK
4,20260603 145029,22,4,4K,5,00:02,4096×2160,100.0,12627.0,60/1,2026-06-03 15:07:31,OK
4,20260603 145029,22,4,4K,4,01:21,758×400,18.5,13543.0,60/1,2026-06-03 15:07:31,OK
4,20260603 145029,22,4,4K,3,01:44,496×262,12.2,17190.0,60/1,2026-06-03 15:07:31,OK
4,20260603 145029,22,4,4K,2,02:12,264×138,6.5,13414.0,60/1,2026-06-03 15:07:31,OK
4,20260603 145029,22,1,720,5,00:01,4096×2160,100.0,23413.0,60/1,2026-06-03 15:21:10,OK
4,20260603 145029,22,1,720,4,00:36,1958×1032,47.8,9548.0,60/1,2026-06-03 15:21:10,OK
4,20260603 145029,22,1,720,3,02:03,326×172,8.0,19666.0,60/1,2026-06-03 15:21:10,OK
4,20260603 145029,22,1,720,2,02:22,214×112,5.2,11782.0,60/1,2026-06-03 15:21:10,OK
4,20260603 145029,22,2,720,5,00:02,4096×2160,100.0,11447.0,60/1,2026-06-03 15:23:53,OK
4,20260603 145029,22,2,720,4,00:58,1284×676,31.4,11350.0,60/1,2026-06-03 15:23:53,OK
4,20260603 145029,22,2,720,3,01:43,496×262,12.2,10850.0,60/1,2026-06-03 15:23:53,OK
4,20260603 145029,22,2,720,2,02:09,294×154,7.2,11643.0,60/1,2026-06-03 15:23:53,OK
4,20260603 145029,22,3,720,5,00:01,4096×2160,100.0,16232.0,60/1,2026-06-03 15:26:34,OK
4,20260603 145029,22,3,720,4,01:02,1156×610,28.2,8753.0,60/1,2026-06-03 15:26:34,OK
4,20260603 145029,22,3,720,3,01:38,552×290,13.5,13924.0,60/1,2026-06-03 15:26:34,OK
4,20260603 145029,22,3,720,2,02:05,294×154,7.2,25487.0,60/1,2026-06-03 15:26:34,OK
4,20260603 145029,22,4,720,5,00:00,4096×2160,100.0,12627.0,60/1,2026-06-03 15:29:12,OK
4,20260603 145029,22,4,720,4,00:56,1284×676,31.4,9145.0,60/1,2026-06-03 15:29:12,OK
4,20260603 145029,22,4,720,3,01:40,496×262,12.2,17190.0,60/1,2026-06-03 15:29:12,OK
4,20260603 145029,22,4,720,2,02:07,294×154,7.2,11770.0,60/1,2026-06-03 15:29:12,OK
4,20260603 145029,23,1,1080,5,00:00,4096×2160,100.0,23413.0,60/1,2026-06-03 15:10:21,OK
4,20260603 145029,23,1,1080,4,00:42,1762×928,43.0,9951.0,60/1,2026-06-03 15:10:21,OK
4,20260603 145029,23,1,1080,3,01:28,682×360,16.7,26395.0,60/1,2026-06-03 15:10:21,OK
4,20260603 145029,23,1,1080,2,02:17,238×124,5.8,26643.0,60/1,2026-06-03 15:10:21,OK
4,20260603 145029,23,2,1080,5,00:01,4096×2160,100.0,11447.0,60/1,2026-06-03 15:13:00,OK
4,20260603 145029,23,2,1080,4,00:58,1284×676,31.4,11350.0,60/1,2026-06-03 15:13:00,OK
4,20260603 145029,23,2,1080,3,01:55,362×190,8.9,9113.0,60/1,2026-06-03 15:13:00,OK
4,20260603 145029,23,2,1080,2,02:21,214×112,5.2,19423.0,60/1,2026-06-03 15:13:00,OK
4,20260603 145029,23,3,1080,5,00:01,4096×2160,100.0,16232.0,60/1,2026-06-03 15:15:39,OK
4,20260603 145029,23,3,1080,4,01:01,1156×610,28.2,8753.0,60/1,2026-06-03 15:15:39,OK
4,20260603 145029,23,3,1080,3,01:36,552×290,13.5,13924.0,60/1,2026-06-03 15:15:39,OK
4,20260603 145029,23,3,1080,2,02:19,238×124,5.8,23229.0,60/1,2026-06-03 15:15:39,OK
4,20260603 145029,23,4,1080,5,00:01,4096×2160,100.0,12627.0,60/1,2026-06-03 15:18:18,OK
4,20260603 145029,23,4,1080,4,00:02,4096×2160,100.0,12627.0,60/1,2026-06-03 15:18:18,"Исключено: нажатие до деградации (MOS=4, 00:02, 100.0%)"
4,20260603 145029,23,4,1080,3,01:35,552×290,13.5,9535.0,60/1,2026-06-03 15:18:18,OK
4,20260603 145029,23,4,1080,2,02:07,294×154,7.2,11770.0,60/1,2026-06-03 15:18:18,OK
4,20260603 145029,23,1,4K,5,00:00,4096×2160,100.0,23413.0,60/1,2026-06-03 14:59:38,OK
4,20260603 145029,23,1,4K,4,00:10,3316×1748,81.0,21825.0,60/1,2026-06-03 14:59:38,OK
4,20260603 145029,23,1,4K,3,00:42,1762×928,43.0,9951.0,60/1,2026-06-03 14:59:38,OK
4,20260603 145029,23,1,4K,2,01:21,758×400,18.5,21269.0,60/1,2026-06-03 14:59:38,OK
4,20260603 145029,23,2,4K,5,00:02,4096×2160,100.0,11447.0,60/1,2026-06-03 15:02:16,OK
4,20260603 145029,23,2,4K,4,01:19,842×444,20.6,14914.0,60/1,2026-06-03 15:02:16,OK
4,20260603 145029,23,2,4K,3,01:41,496×262,12.2,10850.0,60/1,2026-06-03 15:02:16,OK
4,20260603 145029,23,2,4K,2,02:07,294×154,7.2,11643.0,60/1,2026-06-03 15:02:16,OK
4,20260603 145029,23,3,4K,5,00:01,4096×2160,100.0,16232.0,60/1,2026-06-03 15:04:54,OK
4,20260603 145029,23,3,4K,4,00:37,1958×1032,47.8,11148.0,60/1,2026-06-03 15:04:54,OK
4,20260603 145029,23,3,4K,3,01:26,682×360,16.7,25260.0,60/1,2026-06-03 15:04:54,OK
4,20260603 145029,23,3,4K,2,02:08,294×154,7.2,25487.0,60/1,2026-06-03 15:04:54,OK
4,20260603 145029,23,4,4K,5,00:01,4096×2160,100.0,12627.0,60/1,2026-06-03 15:07:31,OK
4,20260603 145029,23,4,4K,4,00:37,1958×1032,47.8,26283.0,60/1,2026-06-03 15:07:31,OK
4,20260603 145029,23,4,4K,3,01:21,758×400,18.5,13543.0,60/1,2026-06-03 15:07:31,OK
4,20260603 145029,23,4,4K,2,02:01,326×172,8.0,10546.0,60/1,2026-06-03 15:07:31,OK
4,20260603 145029,23,1,720,5,00:00,4096×2160,100.0,23413.0,60/1,2026-06-03 15:21:10,OK
4,20260603 145029,23,1,720,4,00:46,1586×836,38.7,10961.0,60/1,2026-06-03 15:21:10,OK
4,20260603 145029,23,1,720,3,01:30,614×324,15.0,29472.0,60/1,2026-06-03 15:21:10,OK
4,20260603 145029,23,1,720,2,02:03,326×172,8.0,19666.0,60/1,2026-06-03 15:21:10,OK
4,20260603 145029,23,2,720,5,00:04,4096×2160,100.0,11447.0,60/1,2026-06-03 15:23:53,OK
4,20260603 145029,23,2,720,4,01:07,1040×548,25.4,26503.0,60/1,2026-06-03 15:23:53,OK
4,20260603 145029,23,2,720,3,01:58,362×190,8.9,9113.0,60/1,2026-06-03 15:23:53,OK
4,20260603 145029,23,2,720,2,02:14,264×138,6.5,11925.0,60/1,2026-06-03 15:23:53,OK
4,20260603 145029,23,3,720,5,00:02,4096×2160,100.0,16232.0,60/1,2026-06-03 15:26:34,OK
4,20260603 145029,23,3,720,4,00:38,1958×1032,47.8,11148.0,60/1,2026-06-03 15:26:34,OK
4,20260603 145029,23,3,720,3,01:29,682×360,16.7,25260.0,60/1,2026-06-03 15:26:34,OK
4,20260603 145029,23,3,720,2,01:49,448×236,10.9,10947.0,60/1,2026-06-03 15:26:34,OK
4,20260603 145029,23,4,720,5,00:00,4096×2160,100.0,12627.0,60/1,2026-06-03 15:29:12,OK
4,20260603 145029,23,4,720,4,01:22,758×400,18.5,13543.0,60/1,2026-06-03 15:29:12,OK
4,20260603 145029,23,4,720,3,01:39,552×290,13.5,9535.0,60/1,2026-06-03 15:29:12,OK
4,20260603 145029,23,4,720,2,02:17,238×124,5.8,11239.0,60/1,2026-06-03 15:29:12,OK
4,20260603 145029,24,1,1080,5,00:00,4096×2160,100.0,23413.0,60/1,2026-06-03 15:10:21,OK
4,20260603 145029,24,1,1080,4,00:42,1762×928,43.0,9951.0,60/1,2026-06-03 15:10:21,OK
4,20260603 145029,24,1,1080,3,01:22,758×400,18.5,21269.0,60/1,2026-06-03 15:10:21,OK
4,20260603 145029,24,1,1080,2,02:02,326×172,8.0,19666.0,60/1,2026-06-03 15:10:21,OK
4,20260603 145029,24,2,1080,5,00:01,4096×2160,100.0,11447.0,60/1,2026-06-03 15:13:00,OK
4,20260603 145029,24,2,1080,4,01:02,1156×610,28.2,20695.0,60/1,2026-06-03 15:13:00,OK
4,20260603 145029,24,2,1080,3,02:01,326×172,8.0,8000.0,60/1,2026-06-03 15:13:00,OK
4,20260603 145029,24,2,1080,2,02:21,214×112,5.2,19423.0,60/1,2026-06-03 15:13:00,OK
4,20260603 145029,24,3,1080,5,00:00,4096×2160,100.0,16232.0,60/1,2026-06-03 15:15:39,OK
4,20260603 145029,24,3,1080,4,01:21,758×400,18.5,18989.0,60/1,2026-06-03 15:15:39,OK
4,20260603 145029,24,3,1080,3,01:41,496×262,12.2,9763.0,60/1,2026-06-03 15:15:39,OK
4,20260603 145029,24,3,1080,2,02:02,326×172,8.0,21322.0,60/1,2026-06-03 15:15:39,OK
4,20260603 145029,24,4,1080,5,00:00,4096×2160,100.0,12627.0,60/1,2026-06-03 15:18:18,OK
4,20260603 145029,24,4,1080,4,01:35,552×290,13.5,9535.0,60/1,2026-06-03 15:18:18,OK
4,20260603 145029,24,4,1080,3,01:42,496×262,12.2,17190.0,60/1,2026-06-03 15:18:18,OK
4,20260603 145029,24,4,1080,2,02:21,214×112,5.2,15853.0,60/1,2026-06-03 15:18:18,OK
4,20260603 145029,24,1,4K,5,00:00,4096×2160,100.0,23413.0,60/1,2026-06-03 14:59:38,OK
4,20260603 145029,24,1,4K,4,00:42,1762×928,43.0,9951.0,60/1,2026-06-03 14:59:38,OK
4,20260603 145029,24,1,4K,3,01:33,614×324,15.0,29472.0,60/1,2026-06-03 14:59:38,OK
4,20260603 145029,24,1,4K,2,02:03,326×172,8.0,19666.0,60/1,2026-06-03 14:59:38,OK
4,20260603 145029,24,2,4K,5,00:05,3686×1944,90.0,11912.0,60/1,2026-06-03 15:02:16,OK
4,20260603 145029,24,2,4K,4,01:41,496×262,12.2,10850.0,60/1,2026-06-03 15:02:16,OK
4,20260603 145029,24,2,4K,3,02:01,326×172,8.0,8000.0,60/1,2026-06-03 15:02:16,OK
4,20260603 145029,24,2,4K,2,02:20,214×112,5.2,19423.0,60/1,2026-06-03 15:02:16,OK
4,20260603 145029,24,3,4K,5,00:01,4096×2160,100.0,16232.0,60/1,2026-06-03 15:04:54,OK
4,20260603 145029,24,3,4K,4,01:02,1156×610,28.2,8753.0,60/1,2026-06-03 15:04:54,OK
4,20260603 145029,24,3,4K,3,01:21,758×400,18.5,18989.0,60/1,2026-06-03 15:04:54,OK
4,20260603 145029,24,3,4K,2,01:41,496×262,12.2,9763.0,60/1,2026-06-03 15:04:54,OK
4,20260603 145029,24,4,4K,5,00:00,4096×2160,100.0,12627.0,60/1,2026-06-03 15:07:31,OK
4,20260603 145029,24,4,4K,4,01:21,758×400,18.5,13543.0,60/1,2026-06-03 15:07:31,OK
4,20260603 145029,24,4,4K,3,01:36,552×290,13.5,9535.0,60/1,2026-06-03 15:07:31,OK
4,20260603 145029,24,4,4K,2,02:01,326×172,8.0,10546.0,60/1,2026-06-03 15:07:31,OK
4,20260603 145029,24,1,720,5,00:00,4096×2160,100.0,23413.0,60/1,2026-06-03 15:21:10,OK
4,20260603 145029,24,1,720,4,00:44,1762×928,43.0,9951.0,60/1,2026-06-03 15:21:10,OK
4,20260603 145029,24,1,720,3,02:02,326×172,8.0,19666.0,60/1,2026-06-03 15:21:10,OK
4,20260603 145029,24,1,720,2,,,,,,2026-06-03 15:21:10,Исключено: нет данных
4,20260603 145029,24,2,720,5,00:02,4096×2160,100.0,11447.0,60/1,2026-06-03 15:23:53,OK
4,20260603 145029,24,2,720,4,00:56,1284×676,31.4,11350.0,60/1,2026-06-03 15:23:53,OK
4,20260603 145029,24,2,720,3,02:01,326×172,8.0,8000.0,60/1,2026-06-03 15:23:53,OK
4,20260603 145029,24,2,720,2,02:21,214×112,5.2,19423.0,60/1,2026-06-03 15:23:53,OK
4,20260603 145029,24,3,720,5,00:00,4096×2160,100.0,16232.0,60/1,2026-06-03 15:26:34,OK
4,20260603 145029,24,3,720,4,01:21,758×400,18.5,18989.0,60/1,2026-06-03 15:26:34,OK
4,20260603 145029,24,3,720,3,01:41,496×262,12.2,9763.0,60/1,2026-06-03 15:26:34,OK
4,20260603 145029,24,3,720,2,02:21,214×112,5.2,10297.0,60/1,2026-06-03 15:26:34,OK
4,20260603 145029,24,4,720,5,00:01,4096×2160,100.0,12627.0,60/1,2026-06-03 15:29:12,OK
4,20260603 145029,24,4,720,4,01:23,758×400,18.5,13543.0,60/1,2026-06-03 15:29:12,OK
4,20260603 145029,24,4,720,3,01:41,496×262,12.2,17190.0,60/1,2026-06-03 15:29:12,OK
4,20260603 145029,24,4,720,2,02:21,214×112,5.2,15853.0,60/1,2026-06-03 15:29:12,OK
